industry,generated_article,safety,clarity,normative,richness
Agriculture,"## **Business Plan for Agriculture Example Company**

### **1. Executive Summary**

**Mission Statement:**  
Agriculture Example Company is committed to enhancing agricultural productivity through sustainable farming practices, cutting-edge technology, and long-term relationships with farmers, suppliers, and customers. Our mission is to create value in the agriculture sector by providing innovative solutions that promote environmental responsibility, improve food security, and enhance farming efficiency.

**Company Overview:**  
Agriculture Example Company is an innovative player in the agriculture sector, focused on revolutionizing the way crops are produced, processed, and distributed. The company offers a comprehensive suite of products and services including high-quality crops, sustainable farming consulting, and state-of-the-art technology solutions for precision farming. With a commitment to sustainability and technology integration, Agriculture Example Company stands as a leader in the industry, shaping the future of modern agriculture.

**Business Objectives:**  
- **Short-term Goals:**  
  - Achieve a 25% increase in crop yield production within the first two years.
  - Establish three new strategic partnerships with international retail distributors.
  - Expand our consulting services to ten new farms in emerging markets by year two.

- **Long-term Goals:**  
  - Grow the business into one of the top 5 agricultural companies in the region by year five.
  - Expand into international markets with a focus on organic and eco-friendly agricultural products.
  - Invest in new research and development initiatives to pioneer the next generation of farming technologies.

**Key Success Factors:**  
- Adoption of cutting-edge agricultural technologies, including precision farming tools such as smart irrigation systems and crop health sensors.
- A strong commitment to sustainability that not only appeals to eco-conscious consumers but also provides long-term benefits to the environment and farming communities.
- A highly skilled leadership team with a proven track record in agricultural management, innovation, and business growth.

**Financial Highlights:**  
Agriculture Example Company is projected to generate $2.5 million in revenue in its first year of full operations, with an expected compound annual growth rate (CAGR) of 20% over the next five years. Profit margins are expected to improve steadily as the company scales operations, with a break-even point anticipated by the end of year two.

---

### **2. Business Description**

**Company Overview:**  
Agriculture Example Company operates as a for-profit corporation, focusing on providing agricultural solutions that address the growing demand for both sustainable and technologically advanced farming practices. The company offers high-quality crops, agricultural consulting, and technology tools designed to optimize farming efficiency. It is headquartered in a major agricultural hub, with plans to expand into new regions as the business scales.

**Industry Overview:**  
The global agricultural industry is valued at over $3 trillion and is expected to continue growing, driven by increasing demand for food products, particularly those that are sustainably produced. Key trends influencing the industry include the rising adoption of precision farming technologies, a growing focus on environmental sustainability, and shifting consumer preferences toward organic and eco-friendly produce. Governments and international organizations are also focusing on agricultural innovation to tackle issues related to food security and climate change.

**Company History:**  
Agriculture Example Company was founded in 2022 by a team of seasoned agricultural professionals with decades of combined experience. Since its inception, the company has quickly gained recognition in its target markets for providing high-quality, sustainably farmed products, as well as its forward-thinking approach to technology adoption in agriculture.

**Business Model:**  
The company’s primary revenue streams include the sale of crops produced through sustainable farming methods, agricultural consulting services, and the sale of technology solutions designed to optimize crop yields. The business generates additional revenue through partnerships with agricultural technology firms and educational institutions, as well as grants for research into sustainable farming practices.

---

### **3. Market Analysis**

**Target Market:**  
Agriculture Example Company serves a diverse range of customers, primarily commercial farmers, wholesalers, and retailers who are seeking high-quality agricultural products. The company also provides consulting services to emerging farmers looking to optimize their operations with sustainable practices and modern technologies. The growing consumer demand for organic produce further enhances the company's position in the marketplace. Additionally, as sustainability becomes a priority in agriculture, Agriculture Example Company is well-positioned to meet the needs of environmentally conscious businesses and consumers alike.

**Market Needs and Trends:**  
- **Demand for Organic Produce:** The market for organic and eco-friendly products is expanding rapidly. As more consumers seek healthier and environmentally sustainable food options, Agriculture Example Company meets this demand through its certified organic farming practices.
- **Technological Integration:** With the growing adoption of precision agriculture, the use of data analytics, drones, and sensors is becoming crucial in optimizing farm operations. Agriculture Example Company’s technology solutions provide farmers with real-time insights that can dramatically improve efficiency and yield.
- **Environmental Sustainability:** Climate change and resource scarcity have made sustainability a key priority in agriculture. Agriculture Example Company addresses these challenges by employing water-efficient irrigation systems, reducing pesticide use, and focusing on soil health through sustainable practices.

**Competitive Analysis:**  
Key competitors in the agricultural sector include traditional farming operations, ag-tech startups, and large multinational agricultural corporations. Agriculture Example Company differentiates itself by blending cutting-edge farming technology with sustainable agricultural practices. Unlike many larger competitors who focus on conventional farming methods, Agriculture Example Company is committed to organic farming, offering superior products that appeal to eco-conscious markets. The company’s expertise in both traditional agriculture and technological innovation also provides a competitive advantage.

**Market Segmentation:**  
- **Organic Farming:** Serving consumers and businesses seeking organic, sustainably produced crops.
- **Commercial Crop Production:** Partnering with large-scale agricultural producers to optimize their farming processes through advanced technologies.
- **Agricultural Consulting:** Offering expert guidance on sustainable farming practices and business development to emerging farmers.

---

### **4. Products and Services**

**Product/Service Overview:**  
- **Crop Production:** Agriculture Example Company produces a variety of high-quality, organic crops that cater to both local and international markets. The company’s offerings include staple crops, fruits, and vegetables, all grown with environmentally sustainable practices.
- **Agricultural Consulting Services:** The company provides expert consulting services to farmers looking to improve crop yields, adopt sustainable farming practices, and navigate the complexities of modern agriculture.
- **Technology Solutions:** Agriculture Example Company offers a suite of technology tools designed to optimize farming operations, including precision irrigation systems, soil health monitoring tools, and crop optimization software that uses data analytics to maximize yield and reduce waste.

**Unique Selling Proposition (USP):**  
Agriculture Example Company combines innovation and sustainability to provide superior agricultural products that meet both market demand and environmental goals. Through the use of advanced technology, the company offers solutions that improve farm productivity while promoting long-term ecological health. This combination of high-tech farming with eco-friendly practices makes Agriculture Example Company a standout in the agriculture industry.

**Product Lifecycle:**  
The lifecycle of the company’s products varies by crop, but all products are produced using sustainable methods, from soil preparation and planting to harvesting and distribution. The consulting services are ongoing, with continuous support provided to clients as they optimize their farming operations.

**Research and Development:**  
Agriculture Example Company invests heavily in R&D to improve its farming technologies and crop varieties. This includes research into drought-resistant crops, improvements in soil health, and new technologies for precision farming that will further enhance crop yields and reduce environmental impact.

**Supply Chain and Distribution:**  
The company works with local farmers, agricultural suppliers, and logistics partners to ensure timely and efficient delivery of its products. Key suppliers provide the necessary raw materials, seeds, and agricultural equipment, while logistics partners help the company maintain a reliable distribution network.

---

### **5. Marketing and Sales Strategy**

**Marketing Plan:**  
The marketing strategy for Agriculture Example Company will focus on promoting the brand’s commitment to sustainability, innovation, and quality. Marketing efforts will include digital marketing campaigns, partnerships with sustainability influencers, and attending industry trade shows. The company will also develop content marketing initiatives to educate consumers and businesses about the benefits of sustainable farming practices.

**Sales Strategy:**  
The sales strategy focuses on building long-term relationships with both direct consumers and commercial buyers. Sales tactics will include direct sales, online sales platforms, and building partnerships with wholesalers and retailers. A dedicated sales team will work closely with farmers to offer personalized solutions that meet their unique needs.

**Pricing Strategy:**  
Pricing will be competitive yet reflective of the premium quality of the company’s products and services. Organic products will be priced at a premium, while technology solutions and consulting services will be priced to offer value for money while ensuring profitability.

**Customer Retention Plan:**  
The company will implement a customer loyalty program offering discounts, special promotions, and ongoing support to encourage repeat business. Regular feedback from customers will be used to refine products and services to meet evolving market needs.

**Promotions and Advertising:**  
Promotional activities will include seasonal discounts, product bundles, and exclusive offers for new customers. Advertising efforts will leverage both online channels (social media, search engine marketing) and traditional media (industry magazines, trade shows).

---

### **6. Operations Plan**

**Operational Workflow:**  
The company’s day-to-day operations involve crop cultivation, technology implementation, customer service, and logistics management. The operations are streamlined using state-of-the-art farming equipment, automated irrigation systems, and a dedicated R&D team that constantly seeks improvements.

**Location and Facilities:**  
The company operates out of a central farming hub, with satellite locations for logistics and processing. The main facility houses both farming operations and administrative offices, ensuring that all aspects of production, from seed planting to harvest, are efficiently managed.

**Technology and Innovation:**  
Agriculture Example Company utilizes the latest technologies in farming, including drones for crop monitoring, IoT sensors for soil and water management, and data analytics platforms that enable precision farming. These technologies optimize yield and resource usage, giving the company a competitive edge.

**Supply Chain Management:**  
Key partnerships with local suppliers ensure a steady flow of materials, while advanced logistics systems manage inventory and distribution. Quality control processes are in place to ensure that all products meet the company’s high standards.

**Human Resources:**  
Agriculture Example Company’s workforce includes agronomists",,,,
Tourism,"# **Business Plan for Wanderlust Adventures**

## **Executive Summary**

**Mission Statement**  
Wanderlust Adventures is dedicated to providing unforgettable travel experiences that inspire and enrich the lives of our customers. We aim to create immersive journeys that allow travelers to explore the world in a way that is authentic, personal, and transformative. By curating customized travel experiences, we strive to be the leading provider of unique adventures that exceed our customers' expectations.

**Company Overview**  
Wanderlust Adventures was founded by a group of travel enthusiasts with a shared passion for exploring the world and a deep commitment to helping others experience the beauty and wonder of different cultures. Established in New York City on January 1, 20XX, the company has already positioned itself as a leader in personalized adventure tourism. Our products include Custom Adventure Tours and Culinary Immersion Packages, each designed to provide customers with one-of-a-kind experiences. The company operates as a Limited Liability Company (LLC), which ensures a flexible and efficient structure to navigate the dynamic travel industry.

## **Business Description**

**Company History**  
Wanderlust Adventures was created by a diverse team of travel professionals who share a deep love for exploration and cultural immersion. The company was born from the recognition that many travelers today crave more than just a standard vacation—they seek genuine, personalized adventures that connect them to local cultures, environments, and communities in meaningful ways. Over the past several years, Wanderlust Adventures has garnered a reputation for providing exceptional, tailor-made travel experiences. Our success is rooted in our commitment to customer satisfaction, our deep understanding of the travel industry, and our dedication to sustainable, responsible tourism practices.

**Legal Structure**  
Wanderlust Adventures is an LLC (Limited Liability Company), offering the flexibility of an entrepreneurial business structure while providing legal protection for the founders and investors.

**Location**  
Headquartered in New York City, Wanderlust Adventures benefits from being at the heart of one of the world’s most diverse and vibrant travel hubs. The location provides us with access to a large customer base, strategic partnerships, and a wealth of resources to continue growing our business.

**Founding Date**  
Wanderlust Adventures was founded on January 1, 20XX.

## **Market Analysis**

**Industry Overview**  
The global travel and tourism industry is experiencing rapid growth, driven by increasing disposable incomes, the rise of experiential tourism, and a growing demand for more personalized and immersive travel experiences. According to the World Tourism Organization, the industry is projected to grow at a rate of 6-7% annually over the next five years, with adventure tourism being one of the fastest-growing segments. Consumers are increasingly seeking unique, off-the-beaten-path experiences, pushing the demand for custom and authentic travel services. The rise of social media has also amplified the desire for distinctive travel experiences, as travelers document and share their journeys with a global audience.

**Target Market**  
Our primary target market consists of adventurous travelers aged 25-45, who are generally well-educated, have above-average incomes, and seek personalized, authentic, and immersive travel experiences. These individuals are typically professionals or entrepreneurs who prioritize experiences over material goods and are willing to pay a premium for customized, high-quality travel. We estimate that the global target market for adventure tourism and experiential travel is approximately 500 million potential customers, with this segment growing at an annual rate of 8%. Additionally, the rise of millennials and Gen Z’s preference for experiential travel provides a strong growth trajectory for Wanderlust Adventures.

**Competitive Analysis**  
The travel industry is highly competitive, with both large travel agencies and boutique companies vying for market share. Two of the key competitors in our niche include:

1. **Adventure Seekers Inc.**  
   - **Strengths**: Established brand recognition, broad range of travel packages, strong digital presence.
   - **Weaknesses**: Limited customization options, higher pricing for standard packages, less focus on sustainability.
   
2. **Global Explorers Co.**  
   - **Strengths**: Extensive international network, exclusive partnerships with luxury resorts, strong appeal to high-net-worth individuals.
   - **Weaknesses**: Limited focus on sustainable tourism, rigid and complex booking process, limited personalized services for adventurous travelers.

Wanderlust Adventures differentiates itself by focusing on hyper-personalized, immersive travel experiences that are carefully curated to meet individual needs and preferences. Our commitment to sustainability and responsible tourism further distinguishes us from competitors who may not prioritize environmental impact. Additionally, our agile approach to customer service ensures a more responsive and flexible booking process.

## **Products and Services**

Wanderlust Adventures specializes in offering two core products: **Custom Adventure Tours** and **Culinary Immersion Packages**. Both services are designed to cater to travelers seeking authentic, high-quality, and personalized travel experiences.

### 1. **Custom Adventure Tours**  
Our Custom Adventure Tours are designed for individuals or small groups who want to explore off-the-beaten-path destinations with an expert local guide. Customers can tailor their itineraries to their specific interests—whether it be hiking in remote mountain ranges, wildlife safaris, cultural explorations, or extreme adventure sports. 

- **Pricing**: Prices for custom tours vary depending on the destination, duration, and level of luxury desired, typically ranging from $3,000 to $15,000 per person.
- **Features**: Personalized itineraries, local expert guides, accommodations at eco-friendly lodges, transportation arrangements.
- **Benefits**: Exclusive access to unique destinations, high-quality service, deep cultural immersion, and flexible itineraries.

### 2. **Culinary Immersion Packages**  
Our Culinary Immersion Packages offer food lovers the chance to explore global cuisine through hands-on cooking classes, market tours, and private dining experiences led by local chefs. These packages cater to those seeking both culinary expertise and cultural exploration.

- **Pricing**: Packages start at $2,500 for a 7-day culinary tour and can go up to $10,000 for more luxurious or extended experiences.
- **Features**: Market visits, cooking classes, visits to top restaurants, wine pairings, private dining experiences.
- **Benefits**: Deep dive into the culinary traditions of various cultures, interaction with top chefs, hands-on learning, and unforgettable culinary experiences.

### Unique Value Proposition  
Wanderlust Adventures stands out in the travel industry by offering bespoke, high-touch travel experiences that prioritize personalization, authenticity, and customer satisfaction. Our unique value proposition lies in our commitment to designing tailor-made journeys that reflect the individual preferences of each traveler, ensuring that every experience is distinct and meaningful.

**Intellectual Property**  
We have registered trademarks for the Wanderlust Adventures name and logo, ensuring brand protection as we expand our market presence.

## **Marketing and Sales Strategy**

**Positioning**  
Wanderlust Adventures positions itself as the premier provider of bespoke travel experiences for discerning travelers. Our focus on high-quality, personalized service, combined with our dedication to sustainability and authenticity, sets us apart from traditional travel agencies.

**Pricing Strategy**  
We offer premium experiences with transparent pricing. Our pricing reflects the high level of customization, quality, and service we provide, ensuring that our clients feel confident in the value they receive.

**Promotion Channels**  
We will leverage a combination of social media, influencer partnerships, content marketing, and customer testimonials to raise awareness and build trust in our brand. Our social media campaigns will focus on showcasing the unique aspects of our tours, highlighting customer stories, and sharing tips on immersive travel experiences. Influencers in the travel and adventure space will help promote our offerings to a broader audience.

**Sales Process**  
Our sales process is consultative and customer-focused. Prospective clients will receive a personalized consultation where they can discuss their travel preferences and goals. Based on their needs, we will design a tailored travel proposal that includes recommendations for destinations, activities, accommodations, and itineraries. Once the proposal is approved, we manage all logistics and provide ongoing support to ensure a seamless travel experience.

## **Operations Plan**

**Business Structure**  
Wanderlust Adventures operates with a flat organizational structure, fostering flexibility and agility within the team. This structure enables quick decision-making and encourages collaboration across departments.

**Facilities**  
Our headquarters are based in New York City, where we manage all administrative functions, marketing efforts, and customer service operations. In addition to our headquarters, we partner with local vendors and tour guides around the world to execute our custom itineraries.

**Key Roles**  
- **CEO**: The CEO oversees strategic planning, business development, and team leadership.
- **Head of Operations**: Responsible for logistics, vendor management, and maintaining high operational standards.
- **Customer Experience Manager**: Handles customer inquiries, trip customization, and ensures clients' expectations are met.

**Supply Chain**  
Our supply chain is built on partnerships with local vendors, tour guides, and sustainable travel organizations. We emphasize collaboration with companies that share our values of responsible tourism and environmental sustainability.

## **Financial Plan**

**Startup Costs**  
The initial startup costs are estimated to be $500,000, covering expenses such as:
- Office space, equipment, and technology infrastructure: $100,000
- Marketing and branding efforts: $150,000
- Legal and administrative fees: $50,000
- Operational costs (salaries, vendor deposits, etc.): $200,000

**Funding Requirements**  
Wanderlust Adventures is seeking an investment of $750,000 to cover startup costs and fund the first three years of operations. The funds will be used for:
- Expanding marketing efforts to attract more clients
- Hiring additional staff to support growth
- Establishing stronger partnerships with international vendors

**Financial Projections**  
We anticipate steady revenue growth as the brand becomes more established and we expand our customer base. Our financial projections for the first three years are as follows:
- Year 1 Revenue: $1,000,000 (primarily from Custom Adventure Tours)
- Year 2 Revenue: $2,000,000 (expansion of Culinary Imm",,,,
Transportation,"# Business Plan for Transcend Transport Solutions

## 1. Executive Summary

### Mission Statement:
Transcend Transport Solutions is dedicated to providing safe, reliable, and efficient transportation services that consistently exceed customer expectations. By leveraging cutting-edge technology and a customer-centric approach, we aim to transform the transportation experience for urban professionals, tourists, and anyone seeking dependable travel options.

### Business Description:
Transcend Transport Solutions aims to revolutionize the transportation industry by offering personalized and efficient services tailored to the evolving needs of customers. Our innovative approach combines technology, high-quality customer service, and a flexible service model, setting us apart from traditional transportation providers. Through our two flagship offerings, Transcend Commute and Transcend Explore, we serve both the daily commuting needs of city professionals and the leisure travel needs of tourists, all while striving to meet and exceed industry standards in service reliability, sustainability, and customer satisfaction.

### Funding Needed:
Transcend Transport Solutions is seeking $500,000 in funding to support the following key objectives:
- Fleet expansion and maintenance
- Marketing and customer acquisition strategies
- Technological advancements (including app development and route optimization)
- Operational expansion, including the launch of new routes and service offerings

### Objectives:
- Become the preferred transportation provider in the New York metropolitan area.
- Achieve over 95% customer satisfaction within the first two years of operation.
- Expand service offerings to include additional routes, on-demand services, and eco-friendly transportation options by year three.

---

## 2. Business Description

### Company History:
Founded by a team of industry veterans with over 30 years of experience in transportation management, Transcend Transport Solutions was established in June 20XX. Recognizing the growing demand for more efficient, reliable, and customer-focused transportation services, the founders aimed to create a business that would address these gaps in the market. Through strategic investments in fleet management, technology, and market research, Transcend Transport Solutions has positioned itself as an innovative force in the transportation sector.

### Legal Structure:
Transcend Transport Solutions operates as a Limited Liability Company (LLC). This structure provides flexibility in management and operational decisions while protecting the personal assets of its owners and allowing for tax advantages.

### Location:
Headquartered in New York City, NY, Transcend Transport Solutions is strategically positioned to serve a large, diverse, and growing market. The company’s operations extend across key areas of the city, with plans to expand to neighboring regions in the coming years.

### Founding Date:
June 1, 20XX

---

## 3. Market Analysis

### Industry Overview:
The global transportation market has seen rapid growth over the last decade, driven by urbanization, technological advancements, and the increasing demand for flexible mobility solutions. In the United States, the urban transportation market is poised to continue its growth trajectory, spurred by factors such as population increases in metropolitan areas, the rise of ride-sharing services, and a shift toward sustainable travel options. Additionally, the ongoing expansion of e-commerce is placing greater pressure on companies to provide efficient logistics and transportation services.

In particular, the New York metropolitan area offers a thriving market for transportation services, with a significant portion of the population reliant on commuting and travel for both work and leisure.

### Target Market:
Transcend Transport Solutions targets two primary customer segments:

1. **Urban Professionals**  
   This group includes working professionals aged 25-45 who commute daily to and from work in New York City. They seek reliable, cost-effective, and convenient transportation options that provide flexibility and reduce the stress of daily commuting.

2. **Tourists and Leisure Travelers**  
   Tourists visiting New York City, including both international and domestic visitors, who are looking for organized, insightful, and convenient ways to explore the city. This group values comfort, ease of access, and customized travel experiences.

With a potential market size of over 1 million individuals in New York City alone and annual growth projections of 10%, the target market presents significant opportunities for Transcend Transport Solutions.

### Competitors:
The primary competitors in the New York transportation market include:

- **City Shuttle Services**  
  Established as a major player in the shuttle service industry, City Shuttle Services offers fixed routes and competitive pricing. However, their service is often perceived as inconsistent, with complaints regarding delays and a lack of personalization.

- **Metro Transport Inc.**  
  Known for its extensive fleet and large customer base, Metro Transport Inc. provides city-wide transportation services, including shuttles and buses. While reliable, their focus on cost-saving measures sometimes compromises customer service quality.

Despite the competitive nature of the market, Transcend Transport Solutions differentiates itself by offering flexible, customer-focused services and integrating innovative technology to enhance the user experience.

---

## 4. Products and Services

### Transcend Commute:
Transcend Commute is a daily shuttle service designed for urban professionals seeking a reliable and stress-free commute to work. This service offers:
- Flexible schedules to accommodate various work hours.
- Real-time tracking via a mobile app for customers to plan their day efficiently.
- Comfortable, spacious seating to ensure a relaxing ride.
- Customizable routes, allowing commuters to select the best route that fits their needs.

Pricing for Transcend Commute starts at just $5 per ride, making it an affordable and dependable alternative to traditional commuting options such as taxis or public transport.

### Transcend Explore:
Transcend Explore is designed for tourists who wish to explore New York City in a unique, guided experience. This service includes:
- Sightseeing tours with professional, knowledgeable guides.
- The opportunity to explore popular city landmarks and hidden gems, with commentary provided in multiple languages.
- Customized tour options, including half-day and full-day excursions, catering to various interests (historical tours, cultural tours, food tours, etc.).

Pricing for Transcend Explore begins at $50 per person for a half-day tour, offering a premium yet affordable way to experience the city.

### Unique Value Proposition:
Transcend Transport Solutions stands apart from competitors by combining personalized service with innovative technology. Real-time tracking, customizable routes, and a user-friendly mobile app ensure that customers have full control over their transportation experience. Additionally, our focus on customer satisfaction, coupled with competitive pricing, positions us as the go-to choice for city commuters and tourists alike.

### Intellectual Property:
Transcend Transport Solutions holds trademarks for the names of its core services—Transcend Commute and Transcend Explore—as well as proprietary technology used in real-time tracking and route optimization. These assets provide the company with a competitive edge and help maintain its position as a market leader in the transportation sector.

---

## 5. Marketing and Sales Strategy

### Positioning:
Transcend Transport Solutions positions itself as a premium, customer-focused transportation provider. We differentiate through personalized services, flexible scheduling, and the use of cutting-edge technology to enhance convenience and reliability. Our goal is to be recognized as the preferred choice for commuters and tourists who value quality, reliability, and a seamless experience.

### Pricing Strategy:
Transcend Transport Solutions employs a competitive pricing strategy that delivers value for money while maintaining high service standards. For Transcend Commute, we offer a low-entry price of $5 per ride, with discounts for regular customers and subscription packages. For Transcend Explore, we offer tiered pricing starting at $50 per person for standard tours, with options for premium experiences and private tours.

### Promotion Channels:
- **Social Media Marketing**: Leverage platforms like Instagram, Facebook, and Twitter to engage with both local residents and tourists, showcasing the benefits of our services through engaging content.
- **Partnerships**: Collaborate with local businesses, tourism agencies, and hotels to promote our services to tourists, offering them special discounts or packages.
- **Local Advertising**: Utilize digital advertising, billboards, and flyers around key transport hubs (e.g., airports, train stations, hotels) to reach commuters and tourists.

### Sales Process:
Customers can book rides through our user-friendly website or mobile app, which allows for easy route customization and real-time tracking. Our customer service team is also available via phone or chat to assist with bookings and answer any inquiries, ensuring a seamless and positive customer experience.

---

## 6. Operations Plan

### Business Structure:
Transcend Transport Solutions operates with a hierarchical organizational structure. The key departments include:
- **Operations**: Overseeing fleet management, route optimization, and driver scheduling.
- **Marketing**: Responsible for brand development, customer engagement, and promotional activities.
- **Customer Service**: Ensuring customer satisfaction by addressing complaints, feedback, and special requests.

### Facilities:
The company’s headquarters is located in New York City, with a fleet maintenance facility located in a strategically positioned area to ensure quick turnaround for vehicle servicing and repairs. This central location also provides easy access to key transportation routes.

### Key Roles:
- **CEO**: Guides the company’s vision, strategy, and growth.
- **Head of Operations**: Ensures the efficiency of all operational processes and the quality of service delivery.
- **Marketing Manager**: Drives brand awareness and customer acquisition efforts.
- **Drivers & Guides**: Trained professionals who deliver exceptional service, ensuring that both commuting and touring experiences meet high standards.

### Supply Chain:
Transcend Transport Solutions relies on strategic partnerships with vehicle manufacturers and suppliers to maintain a top-quality fleet. Regular partnerships with technology providers also ensure the continual improvement of our app and tracking systems.

---

## 7. Financial Plan

### Startup Costs:
Transcend Transport Solutions estimates initial startup costs of approximately $500,000, which will be allocated to:
- Fleet acquisition: $250,000
- Technology development (app and tracking systems): $75,000
- Marketing and brand development: $50,000
- Operational costs (insurance, facility setup, salaries): $125,000

### Funding Requirements:
Transcend Transport Solutions is seeking $500,000 in funding to cover these costs. The funds will be used to expand",,,,
Professional_Services,"**Business Plan for Professional Services Example Company**

---

**1. Executive Summary**

**Introduction:**  
Professional Services Example Company is a dynamic and innovative firm offering a comprehensive range of professional services tailored to meet the unique needs of businesses across various industries. The company specializes in consulting, financial advisory, technology solutions, and human resources services. With a commitment to excellence and a customer-centric approach, Professional Services Example Company is positioned to become a leading provider in the professional services sector.

**Company Name:** Professional Services Example Company

**Industry:** Professional Services

**Mission Statement:**  
At Professional Services Example Company, our mission is to create value in the Professional Services sector by delivering innovative, high-quality solutions that meet the unique needs of our clients. We are committed to excellence and dedicated to establishing long-term, trusted relationships with every customer.

**Vision:**  
Our vision is to be recognized as a leading provider of professional services globally, continually pushing the boundaries of service excellence, integrity, and client satisfaction. We aspire to empower businesses to succeed by offering cutting-edge solutions and personalized services that foster sustainable growth and operational efficiency.

---

**2. Business Description**

**Company Overview:**  
Founded with the goal of providing exceptional professional services, Professional Services Example Company has quickly gained recognition for its ability to integrate deep industry knowledge with advanced technological solutions. The company serves a diverse range of sectors, including technology, healthcare, financial services, manufacturing, and retail, helping clients optimize their operations, improve financial outcomes, and stay competitive in the global marketplace.

**History and Background:**  
The company was established by Jane Doe, a seasoned professional with over 20 years of experience in the professional services sector. The company has grown steadily, securing long-term contracts with over 50 clients and achieving impressive year-over-year revenue growth. Today, the firm is expanding its service offerings and enhancing its technological capabilities to cater to the evolving needs of businesses worldwide.

**Legal Structure:**  
Professional Services Example Company is a privately held corporation. It is registered in the state of [State], and operates under a legal structure that allows for flexibility in its operations, governance, and capital raising efforts.

**Vision and Goals:**  
The company’s vision is to be a global leader in the professional services industry, recognized for its innovative approach and customer-first philosophy. Our short-term goals include expanding into new geographic markets, broadening our service offerings, and scaling our operations. Long-term, we aim to become a major player in the global professional services market, leveraging technological advancements to provide unmatched value to our clients.

**Value Proposition:**  
Professional Services Example Company offers an integrated suite of services that blend consulting expertise with cutting-edge technology solutions. Our ability to provide customized, personalized services that meet the unique challenges of each client sets us apart from traditional competitors. Our focus on building long-term, collaborative relationships with clients ensures that our solutions deliver sustainable value.

**Unique Selling Proposition (USP):**  
What differentiates us in the marketplace is our holistic approach. We are not just a service provider, but a trusted partner. Our personalized, client-centric solutions, combined with our expertise in leveraging the latest technologies, make us a standout choice for businesses seeking sustainable success.

**Key Success Factors:**  
- Deep industry knowledge and expertise.  
- Ability to deliver tailored solutions to meet specific client needs.  
- Strong commitment to client relationships and long-term partnerships.  
- Integration of cutting-edge technology into all service offerings.  
- A highly skilled and dedicated leadership team.

---

**3. Market Analysis**

**Industry Overview:**  
The professional services industry is a robust and growing sector, with global demand driven by the increasing complexity of business environments. Companies today are under pressure to innovate, streamline operations, and enhance profitability, which fuels demand for expert advice in consulting, financial management, technology, and human resources. Industry growth is driven by increasing investments in technology, globalization, and the rise of digital transformation across sectors.

**Target Market:**  
Our target market comprises small to medium-sized businesses (SMBs) and large enterprises that are looking for innovative, high-quality professional services. Our ideal clients are those seeking to optimize their operations, improve financial performance, and stay competitive in their respective industries. Industries we serve include:

- **Technology**: Companies looking to innovate and implement the latest technologies.
- **Healthcare**: Organizations requiring operational optimization and financial advisory to navigate regulatory challenges.
- **Financial Services**: Businesses seeking advice on risk management and investments.
- **Manufacturing**: Firms needing support in streamlining operations and improving supply chain management.
- **Retail & E-Commerce**: Businesses looking to enhance customer experience and scale operations.

**Market Trends:**  
- **Digital Transformation**: Companies are increasingly adopting digital tools to improve efficiency and customer experience.
- **Regulatory Compliance**: Growing demand for services that help businesses stay compliant with evolving regulations.
- **Sustainability**: An increasing focus on environmentally responsible and sustainable business practices.
- **Outsourcing of Specialized Services**: Many companies are outsourcing HR, IT, and financial services to experts in the field.

**Competitive Analysis:**  
- **Direct Competitors**: Our direct competitors include traditional consulting firms, financial advisory services, and technology solution providers. These companies often offer a broad array of services but may lack the ability to provide personalized, integrated solutions like ours.
- **Indirect Competitors**: Smaller boutique firms and in-house teams also compete for similar clients. However, their limited resources and narrower service offerings often prevent them from offering the comprehensive solutions we provide.

**SWOT Analysis:**
- **Strengths**: Expertise across multiple sectors, innovative use of technology, and a customer-centric approach.
- **Weaknesses**: Limited brand recognition outside of core markets.
- **Opportunities**: Expansion into new industries and markets, growth in demand for digital solutions.
- **Threats**: Competitive pricing pressure and potential economic downturns affecting client budgets.

---

**4. Products and Services**

**Description of Services Offered:**  
- **Consulting Services**: We offer business strategy consulting, management advisory, and operational optimization for companies aiming to improve their overall performance.
- **Financial Advisory**: Our financial experts provide in-depth financial planning, risk management, investment strategies, and mergers and acquisitions advisory.
- **Technology Solutions**: We help businesses adopt the latest IT solutions to enhance efficiency, improve data analytics, and stay ahead of technological trends.
- **Human Resources Solutions**: We provide comprehensive HR services, including talent acquisition, workforce optimization, and employee training and development.

**Pricing Strategy:**  
Our pricing model is competitive and flexible, based on the scope of each engagement. For consulting and advisory services, we operate on a project-based fee structure, while technology and HR services are priced on a retainer or subscription basis. We aim to deliver value at every price point, ensuring that our clients receive exceptional return on investment.

**Service Differentiation:**  
Our primary differentiator lies in the depth of our service offerings. By integrating consulting, technology, and human resources solutions, we provide businesses with a holistic approach to solving their challenges. Additionally, our personalized client management system ensures seamless delivery and exceptional customer satisfaction.

**Research and Development:**  
We continuously invest in R&D to stay at the forefront of industry trends and to enhance our service offerings. This includes investing in AI-driven technologies, customer relationship management systems, and new financial tools to offer more innovative solutions to clients.

**Intellectual Property:**  
We hold several proprietary technologies, including a unique client management system that streamlines service delivery and improves overall efficiency.

---

**5. Marketing and Sales Strategy**

**Marketing Objectives:**  
Our marketing strategy focuses on building brand awareness, driving new customer acquisition, and increasing our share of wallet within existing clients. Key objectives include:
- Increase brand recognition in new geographic markets.
- Position Professional Services Example Company as a thought leader in the professional services industry.
- Build strategic partnerships to enhance service offerings.

**Branding and Positioning:**  
We position ourselves as a trusted advisor to businesses, not just a service provider. Our brand identity emphasizes innovation, customer-centricity, and long-term value. We focus on delivering exceptional, personalized service to each client.

**Marketing Channels:**  
- **Digital Marketing**: SEO, content marketing, and paid social media advertising.
- **Email Marketing**: Targeted email campaigns for both lead generation and customer retention.
- **Events and Webinars**: Hosting events and webinars to showcase expertise and build client relationships.
- **Industry Partnerships**: Collaborating with industry leaders and technology providers to extend reach.

**Advertising and Promotion:**  
We will utilize a mix of digital ads, print media, and industry-specific conferences to raise brand awareness. We also plan on offering case studies, whitepapers, and client testimonials to promote our successes and build credibility.

**Sales Strategy:**  
Our sales strategy focuses on relationship-based selling, leveraging our existing client base for referrals while proactively targeting new opportunities through networking, industry events, and digital outreach. We also employ a consultative sales approach, providing value-driven insights to potential clients before discussing specific solutions.

**Customer Relationship Management:**  
Our client management system allows for personalized, consistent communication with each client. We focus on building long-term relationships by providing continuous value and adapting to clients’ evolving needs.

---

**6. Operations Plan**

**Location and Facilities:**  
The company operates from a central office located in [City, State], with plans to expand into additional locations as the business grows. Our facilities are equipped with state-of-the-art technology to support our operations and deliver high-quality services.

**Equipment and Technology:**  
We utilize cutting-edge software solutions for project management, customer relationship management, and financial planning. Additionally, our technology team ensures that all technology solutions we implement for clients are up to industry standards.

**Suppliers and Vendors:**  
We have established strong relationships with a variety of suppliers and vendors who provide software, hardware, and other resources necessary to support our operations. These partnerships help ensure that we maintain a competitive edge in the marketplace.

**Quality Control:**  
Our service delivery processes include multiple checkpoints for quality assurance. This ensures",,,,
Technology,"### TechWave Innovations Business Plan

---

**Company Name:** TechWave Innovations  
**Business Structure:** Limited Liability Company (LLC)  
**Location:** San Francisco, California, USA  
**Founding Date:** March 1, 2025

---

### 1. Executive Summary

TechWave Innovations aims to revolutionize the way mid-sized enterprises streamline their operations and enhance decision-making through cutting-edge, scalable, and sustainable cloud-based software solutions. At the heart of our mission is a commitment to providing businesses with powerful tools that drive operational efficiency, foster innovation, and enable growth.

TechWave’s flagship products—WaveFlow and DataPulse—are designed to help mid-sized businesses unlock the full potential of their operations by automating workflows and harnessing AI-powered insights. By offering customizable solutions that integrate seamlessly with existing enterprise systems, TechWave positions itself as a leader in the cloud-based software space.

To support our rapid expansion, we are seeking $5,000,000 in funding. These funds will be used for product development, sales expansion, and operational costs. Our key business objectives include:

- Achieving $2 million in revenue by the end of Year 2.
- Onboarding 50 enterprise clients in the first 18 months.
- Launching a mobile version of our software by the end of Year 3.

With a clear vision and proven technology, TechWave is set to capture a significant share of the rapidly growing market for enterprise cloud solutions.

---

### 2. Business Description

TechWave Innovations was founded in 2025 by a group of experienced software developers with a vision to simplify business processes through innovative cloud technologies. The company is headquartered in San Francisco, California, a global hub for technology and innovation. TechWave's primary focus is developing cloud-based software solutions that help mid-sized enterprises across industries like manufacturing, logistics, and retail optimize their internal operations, enhance productivity, and unlock actionable insights from their data.

As a Limited Liability Company (LLC), TechWave offers flexible, scalable solutions that meet the unique needs of its target market—mid-sized enterprises that often find themselves underserved by larger software providers. The company's strategic location in Silicon Valley allows it to tap into the region's vast network of talent, investment opportunities, and technological expertise.

---

### 3. Market Analysis

**Industry Overview:**

The global enterprise software market is expected to reach $600 billion by 2027, driven by the increasing demand for cloud-based solutions, artificial intelligence (AI) tools, and automation platforms. As businesses continue to embrace digital transformation, the need for scalable, cost-effective software solutions is growing rapidly. The U.S. market alone is projected to account for a significant portion of this growth, especially in the mid-sized enterprise segment.

Key trends driving market expansion include:
- **Cloud Migration:** A growing number of companies are shifting from on-premise software to cloud-based platforms for greater scalability and flexibility.
- **AI and Automation:** The integration of AI technologies in business operations is enhancing data analytics, automating repetitive tasks, and improving decision-making processes.
- **Data-Driven Decision-Making:** The importance of leveraging data to drive business strategy is leading companies to seek advanced analytics platforms like TechWave's DataPulse.

**Target Market:**

TechWave Innovations primarily serves mid-sized enterprises, typically with 100 to 1,000 employees. These organizations span across a range of industries, including manufacturing, logistics, and retail, and are often in search of affordable, flexible solutions to optimize internal workflows, enhance productivity, and leverage data for better decision-making. The U.S. alone is home to over 30,000 mid-sized enterprises, representing a significant market opportunity.

**Market Growth Potential:**

The market for enterprise software is growing at a compound annual growth rate (CAGR) of 14%, indicating robust demand for cloud-based solutions. Mid-sized enterprises are increasingly investing in technologies that enhance operational efficiency, reduce manual errors, and improve business intelligence. As businesses face mounting pressure to digitalize and optimize, TechWave’s innovative solutions are well-positioned to capture a substantial share of this market.

**Competitive Landscape:**

TechWave faces competition from established players in the enterprise software space, such as SoftwareCo and CloudOps. While these companies offer comprehensive software suites, TechWave differentiates itself by providing highly customizable, scalable, and cost-effective solutions specifically designed for mid-sized enterprises. Additionally, our focus on AI-powered insights and workflow automation sets us apart, offering clients a more personalized and agile software experience.

---

### 4. Products and Services

**WaveFlow:**

WaveFlow is a cloud-based workflow automation tool designed to streamline internal operations across various business functions, including inventory management, human resources, and customer service. Key features include:

- **Customizable Workflows:** Businesses can design and modify workflows to suit their unique needs, ensuring greater efficiency and flexibility.
- **AI-Driven Task Prioritization:** WaveFlow uses machine learning algorithms to prioritize tasks based on urgency, available resources, and historical data.
- **Real-Time Analytics:** Users can track performance in real time, allowing for faster decision-making and issue resolution.
- **Seamless Integration:** WaveFlow integrates with existing ERP, CRM, and other enterprise systems, making it easy for businesses to adopt without disruption.

**DataPulse:**

DataPulse is an AI-powered analytics platform designed to help businesses make data-driven decisions. Features of DataPulse include:

- **Predictive Analytics:** DataPulse uses historical data and AI algorithms to forecast future trends and business outcomes.
- **Data Visualization Dashboards:** Interactive, customizable dashboards allow users to explore data in a visually intuitive way.
- **Customizable Reporting:** Businesses can generate reports tailored to their specific needs, improving the relevance of insights.
- **CRM and ERP Integration:** DataPulse seamlessly integrates with existing enterprise systems to provide a comprehensive view of business performance.

**Unique Value Proposition:**

TechWave Innovations offers highly customizable and scalable software solutions that integrate cutting-edge AI technologies with intuitive user interfaces. Unlike many of our competitors, our products are specifically designed to meet the needs of mid-sized enterprises, offering them a more affordable, flexible, and powerful alternative to larger, more cumbersome enterprise software suites.

---

### 5. Marketing and Sales Strategy

**Market Positioning:**

TechWave Innovations will position itself as a leading provider of affordable, scalable, and customizable cloud-based solutions designed for mid-sized businesses. Our products will be marketed as tools that enhance operational efficiency, improve decision-making, and drive profitability—key factors that resonate with our target market.

**Pricing Strategy:**

We will adopt a subscription-based pricing model with tiered plans to accommodate different business sizes and needs. Customers can choose between basic, professional, and enterprise-level packages, with each tier offering varying levels of features, support, and customization. This pricing model ensures affordability for smaller businesses while providing scalability for larger enterprises.

**Promotion Channels:**

To reach our target audience, TechWave will leverage a multi-channel marketing strategy, including:

- **Content Marketing:** Creating blog posts, whitepapers, and case studies that demonstrate the value of our products.
- **Social Media:** Engaging potential customers through platforms like LinkedIn, Twitter, and Facebook.
- **Email Campaigns:** Targeted email marketing to nurture leads and convert prospects into customers.
- **Partnerships:** Collaborating with industry leaders, influencers, and technology providers to expand our reach.

**Sales Process:**

Our sales strategy will focus on a consultative approach, where we engage potential clients in meaningful conversations to understand their unique needs. We will offer product demonstrations, free trials, and personalized proposals to showcase the value of our solutions. The sales process will be streamlined through an online portal, providing an efficient, user-friendly experience.

---

### 6. Operations Plan

**Organizational Structure:**

TechWave Innovations operates with a flat organizational structure that fosters collaboration, innovation, and agility. Key roles within the company include:

- **CEO (Chief Executive Officer):** The CEO is responsible for setting the strategic direction of the company, overseeing fundraising efforts, and driving business development.
- **CTO (Chief Technology Officer):** The CTO manages the product development team, ensures the scalability and security of the software, and stays ahead of technological trends.
- **Sales Manager:** The Sales Manager leads the sales team, builds relationships with clients, and drives revenue growth.

**Facilities and Infrastructure:**

TechWave’s operations are based in a modern office located in San Francisco, California, equipped with state-of-the-art IT infrastructure. Some operations, such as customer support and certain software development tasks, will be outsourced to specialized third-party vendors to optimize costs.

---

### 7. Financial Plan

**Startup Costs:**

- **One-Time Costs:**  
  - Office setup: $250,000  
  - Initial software development: $500,000  

- **Recurring Costs (Year 1):**  
  - Salaries (10 employees): $1,000,000  
  - Cloud infrastructure: $250,000  
  - Marketing and sales: $300,000  
  - Operating expenses (utilities, rent, etc.): $150,000  

**Funding Requirements:**  
TechWave is seeking $5,000,000 in funding to cover product development, sales efforts, and operational expenses for the first two years of operation. This investment will allow the company to expand its product offerings, increase brand visibility, and scale rapidly to meet growing demand.

**Financial Projections:**

- **Year 1 Revenue:** $1,000,000 (from initial client contracts)  
- **Year 2 Revenue:** $2,000,000 (expanding client base)  
- **Year 3 Revenue:** $4,000,000 (launching mobile app and expanding market presence)

**Profitability:** TechWave anticipates reaching profitability by the end of Year 2, driven by increasing customer acquisition, higher-tier subscription plans, and the expansion of our product suite.

---

### 8. Risk Analysis

**Risk Factors:**

- **Competition:** Larger companies with more resources may offer competing solutions",,,,
Media_&_Entertainment,"**VibrantVisions Media Group: Comprehensive Business Plan**

---

### 1. Executive Summary

**Mission Statement:**  
VibrantVisions Media Group is dedicated to creating captivating and innovative content that inspires, entertains, and connects people globally. We strive to push the boundaries of creativity to deliver impactful, engaging, and meaningful video experiences that resonate with audiences and elevate brands.

**Business Description:**  
VibrantVisions Media Group is a full-service media production company that specializes in producing high-quality video content for various platforms, including social media, websites, and digital marketing campaigns. Based in Los Angeles, California, we create tailor-made solutions for businesses, content creators, and brands, ensuring that each project reflects the unique vision and goals of our clients. Our expertise in video production, creative storytelling, and strategic marketing makes us a sought-after partner for companies looking to enhance their digital presence.

**Funding Needed:**  
To propel our growth and expand our service offerings, VibrantVisions is seeking an investment of $500,000. This funding will be utilized for equipment upgrades, marketing campaigns, and expanding our working capital to support operational scalability.

**Objectives:**  
1. Become a leading provider of high-quality video content in the industry.  
2. Expand our client base by targeting new market segments, including large enterprises and influencers.  
3. Increase brand awareness and recognition through strategic marketing initiatives and partnerships.

---

### 2. Business Description

**Company History:**  
VibrantVisions Media Group was founded by a team of experienced filmmakers and content creators who shared a passion for innovative storytelling. With extensive backgrounds in media production, the founders recognized a growing demand for high-quality video content that could effectively capture the attention of digital audiences. Since its inception, the company has grown rapidly by leveraging the latest production technology and creative techniques to deliver stunning video content for a diverse range of clients.

**Legal Structure:**  
VibrantVisions Media Group operates as a Limited Liability Company (LLC), which allows the company to enjoy the benefits of limited liability protection while maintaining flexibility in management and operational decisions.

**Location:**  
The company is based in Los Angeles, California, an ideal location for a media production company, offering access to top-tier talent, industry connections, and cutting-edge production facilities.

**Founding Date:**  
VibrantVisions Media Group was founded on June 1, 20XX, and has since established itself as a dynamic player in the video production industry.

---

### 3. Market Analysis

**Industry Overview:**  
The media and entertainment industry has undergone a significant transformation in recent years, driven largely by the increasing consumption of digital video content. The shift towards online streaming services, social media platforms, and mobile video viewing has resulted in explosive growth in demand for high-quality video content. With global video consumption expected to increase by 10% annually over the next five years, the market offers tremendous growth opportunities for content creators and video production companies like VibrantVisions.

**Target Market:**  
VibrantVisions' primary target market consists of tech-savvy individuals aged 18-45 who consume video content online. This demographic is diverse, spanning various interests such as entertainment, lifestyle, business, technology, and fashion. As of 2025, the global online video audience is estimated at over 500 million, and this number continues to grow as digital content consumption becomes even more ingrained in daily life.

**Market Growth Potential:**  
The video production industry is expected to grow at an annual rate of 10% over the next five years, driven by the ongoing demand for digital content from businesses, influencers, and media outlets. With the rise of social media platforms like YouTube, Instagram, and TikTok, there are increasingly diverse opportunities for companies like VibrantVisions to capture market share.

**Competitors:**  
VibrantVisions faces competition from established players in the media production industry, including:

1. **CreativeWorks Productions**: Known for its high-end corporate video productions and branded content.
2. **Visionary Media Studios**: A creative agency specializing in innovative video content for digital marketing campaigns.

Although these competitors have a strong market presence, VibrantVisions differentiates itself through a unique combination of creativity, personalized service, and an ability to deliver customized video content that is strategically aligned with clients' marketing objectives.

---

### 4. Products and Services

**Offerings:**  
VibrantVisions Media Group specializes in a range of video production services tailored to meet the needs of businesses and content creators. Our offerings include:

- **Branded Content Videos:**  
  These videos are designed to elevate brand messaging through powerful storytelling, capturing the essence of a brand’s identity while resonating with target audiences. From initial concept development to final editing, we create compelling branded content that strengthens brand recognition and drives engagement.

- **Social Media Campaign Videos:**  
  With the growing importance of social media in marketing strategies, we create platform-optimized videos that engage users and encourage interaction. These videos are strategically designed to enhance social media presence, increase follower engagement, and improve ROI on digital campaigns.

**Unique Value Proposition:**  
What sets VibrantVisions apart from the competition is our ability to seamlessly combine creative vision with data-driven strategy. We believe that video content should not only be visually stunning but also serve a specific purpose—whether it’s driving brand awareness, increasing sales, or fostering audience loyalty. We work closely with each client to ensure that the final product aligns perfectly with their business goals, ensuring maximum impact.

**Intellectual Property:**  
All video content produced by VibrantVisions Media Group is protected under copyright, ensuring that our clients retain full ownership of the content they purchase. Our team also holds licenses for any third-party assets incorporated into the videos, such as music and stock footage.

---

### 5. Marketing and Sales Strategy

**Positioning:**  
VibrantVisions Media Group is positioned as a premium video production company offering highly customized and strategically driven solutions. We focus on delivering top-tier content that not only meets but exceeds the expectations of our clients, elevating their brand presence through the power of video.

**Pricing Strategy:**  
Our pricing strategy is flexible and based on the complexity of each project. We offer competitive rates that reflect the high-quality production value and strategic insights embedded in each video. The pricing structure is customized to meet the needs of businesses of all sizes, from startups to large enterprises.

**Promotion Channels:**  
To promote our services, VibrantVisions utilizes a mix of online and offline marketing channels. These include:
- **Social Media Advertising**: Targeted ads on platforms like Instagram, YouTube, and LinkedIn.
- **Industry Events**: Networking and speaking engagements at media and marketing conferences.
- **Influencer Partnerships**: Collaborations with influential content creators to showcase our work and extend our reach.

**Sales Process:**  
Our sales process is consultative and relationship-driven. We work closely with clients to understand their unique needs, offering personalized recommendations that align with their brand goals. Once the project scope is defined, we provide a detailed proposal outlining the production timeline, deliverables, and pricing.

---

### 6. Operations Plan

**Business Structure:**  
VibrantVisions operates with a hierarchical organizational structure, consisting of four key departments:
- **Production**: Oversees video creation, filming, and editing.
- **Creative**: Handles scriptwriting, storyboarding, and creative direction.
- **Marketing**: Manages brand strategy, client relationships, and promotional activities.
- **Administration**: Handles financial management, operations, and human resources.

**Facilities:**  
Our modern production studio is equipped with state-of-the-art filming and editing equipment, ensuring that every project meets the highest production standards. Located in Los Angeles, our facilities are easily accessible to both local and out-of-town clients.

**Key Roles:**  
- **Creative Director**: Oversees all aspects of content creation, ensuring artistic integrity and quality across every project.
- **Marketing Manager**: Develops and executes marketing strategies to build brand recognition and generate new leads.

**Supply Chain:**  
VibrantVisions has established relationships with trusted equipment suppliers, post-production studios, and freelance contractors, ensuring that we can deliver high-quality content on time and within budget.

---

### 7. Financial Plan

**Startup Costs:**  
Initial startup costs are estimated at $500,000, broken down as follows:
- **Studio Equipment**: $200,000 for high-definition cameras, lighting, and editing software.
- **Website Development**: $50,000 for the creation of an engaging online presence.
- **Marketing Campaigns**: $100,000 for digital and influencer marketing efforts.
- **Working Capital**: $150,000 to support operational expenses, including salaries and overhead.

**Funding Requirements:**  
VibrantVisions seeks $500,000 in investment to cover startup costs and initial operating expenses. These funds will be allocated as follows:
- **Equipment Upgrades**: $200,000
- **Marketing Campaigns**: $100,000
- **Working Capital**: $200,000

**Projections:**  
- **Year 1**: Revenue of $750,000, with a net profit of $150,000.
- **Year 2**: Revenue of $1.2 million, with a net profit of $250,000.
- **Year 3**: Revenue of $2 million, with a net profit of $500,000.

---

### 8. Risk Analysis

**Risks:**  
1. **Market Saturation**: As the video production market grows, competition may increase, leading to pressure on prices.
   - **Mitigation**: Focus on differentiation through quality, creativity, and personalized services.
  
2. **Technological Disruption**: Advances in AI and automated production tools may reduce demand for traditional production services.
   - **Mitigation**: Stay ahead of technological trends and incorporate cutting-edge tools into our offerings.

---

### ",,,,
Financial_Services,"# Business Plan for Financial Services Example Company

---

## **1. Executive Summary**

### **Mission Statement**
Financial Services Example Company is dedicated to creating value within the financial services sector by providing innovative, customer-centric solutions. Our mission is to empower individuals, businesses, and high-net-worth clients with the tools and expertise needed to navigate complex financial landscapes and achieve long-term financial stability and growth.

### **Company Overview**
Founded in 2019, Financial Services Example Company is a Limited Liability Company (LLC) headquartered in New York, specializing in a comprehensive range of financial services. These include investment advisory, insurance solutions, and loan facilitation. The company stands out due to its personalized approach, cutting-edge technological integration, and relentless focus on delivering tailored financial solutions. We are in the growth stage of development, having already established a solid customer base and strong brand recognition in the financial sector.

### **Business Objectives**
- **Short-Term Goals**: 
  - Achieve a 20% increase in revenue within the next 12 months.
  - Expand our customer base by 25% through targeted marketing campaigns.
  - Launch two new financial product offerings to cater to emerging customer needs.
  
- **Long-Term Goals**: 
  - Establish ourselves as a top-tier financial services provider, expanding our market share by 30% within the next three years.
  - Achieve a 15% year-over-year growth rate in profitability for the next five years.
  - Develop strategic partnerships with at least five other leading financial institutions to broaden our service capabilities.

### **Key Success Factors**
- **Personalized Financial Solutions**: Our deep focus on understanding and addressing individual client needs sets us apart from larger, more impersonal financial institutions.
- **Technology Integration**: Leveraging the latest fintech solutions ensures efficient operations, seamless transactions, and enhanced customer experience.
- **Expertise and Customer Service**: A leadership team with decades of experience in wealth management, strategic business development, and technology allows us to deliver unmatched financial insights and exceptional customer care.

### **Financial Highlights**
- **Projected Revenue**: We anticipate reaching $10 million in revenue by the end of the next fiscal year, growing from $6 million.
- **Profitability**: With a streamlined operational model and expanding client base, we project a net profit margin of 12% in the next two years.
- **Initial Funding Requirements**: To support our planned expansion, we seek $5 million in equity funding, which will be allocated to marketing, product development, and technology infrastructure enhancements.

---

## **2. Business Description**

### **Company Overview**
Financial Services Example Company was founded in 2019 by a team of seasoned financial professionals. With a focus on personalized service, the company serves individuals, businesses, and high-net-worth clients. We are an LLC based in New York, and our operations currently extend across the northeastern United States with plans to expand nationally in the next three years.

### **Vision and Mission**
Our vision is to become the go-to provider for innovative and trusted financial services, known for our customer-first approach and ability to help clients navigate the increasingly complex financial world. Through continuous technological innovation and a commitment to transparency and integrity, we will empower our clients to make informed decisions and secure their financial futures.

### **Core Values**
- **Integrity**: Upholding the highest standards of honesty and ethics in every transaction and interaction.
- **Transparency**: Providing clear, straightforward information so that clients always understand their options and the implications of their decisions.
- **Customer Satisfaction**: Continuously striving to exceed customer expectations by delivering tailored financial solutions and exceptional service.

### **Market Opportunity**
The financial services industry is undergoing a rapid transformation driven by technological advancements, changing customer expectations, and increased demand for personalized services. Consumers are increasingly seeking alternatives to traditional financial institutions, with an emphasis on convenience, accessibility, and specialized expertise. Financial Services Example Company aims to capitalize on these trends by offering a combination of cutting-edge technology and a deep understanding of the financial needs of our clients.

### **Legal and Regulatory Considerations**
As a financial services provider, we adhere to all relevant regulatory frameworks including the Securities and Exchange Commission (SEC) guidelines, the Financial Industry Regulatory Authority (FINRA) regulations, and applicable state and federal laws. We maintain all required licenses for providing investment advisory services, insurance, and loans, ensuring compliance with industry standards and safeguarding our clients' interests.

---

## **3. Market Analysis**

### **Industry Overview**
The U.S. financial services industry is a multi-trillion-dollar sector with robust growth prospects. In recent years, technological advancements such as digital banking, robo-advisory services, blockchain, and artificial intelligence have reshaped how consumers interact with financial institutions. The growing demand for financial inclusion, personalized wealth management, and user-friendly financial products positions companies like ours to thrive. The industry is projected to grow by 6.5% annually through 2026, driven by increased adoption of digital platforms and consumer desire for more accessible financial solutions.

### **Target Market**
Our target market includes:
- **Individuals**: People seeking personalized financial advice, investment opportunities, and insurance solutions.
- **Small to Mid-sized Businesses**: Entrepreneurs and business owners in need of financial advisory, loans, and investment solutions.
- **High-Net-Worth Clients**: Wealthy individuals looking for advanced wealth management strategies, tax planning, and investment advisory services.

The demographics of our target market are largely urban professionals, aged 30-60, who are tech-savvy and have a strong interest in optimizing their financial health.

### **Market Needs**
There is a significant gap in the financial services market for personalized, tech-enabled solutions. Many traditional financial institutions fail to meet the growing demand for transparency, convenience, and tailored financial products. Our clients are looking for a partner that can provide customized financial solutions that evolve with their changing needs, which we deliver through innovative technology and expert financial guidance.

### **Competitive Analysis**
Our primary competitors include large national banks, established wealth management firms, and emerging fintech startups. While these competitors offer similar services, they often lack the level of personalized attention and flexibility that we provide. Our competitive advantage lies in our deep industry expertise, personalized approach, and ability to integrate cutting-edge technology into every service offering. By leveraging data analytics, automation, and AI, we are able to offer more cost-effective, accurate, and timely financial solutions than traditional competitors.

### **Market Trends**
- **Digital Transformation**: Increasing adoption of mobile apps, online portals, and AI-driven financial services.
- **Sustainable Finance**: Growing consumer interest in socially responsible investments and sustainable financial solutions.
- **Fintech Innovation**: Integration of blockchain, AI, and machine learning to offer more efficient financial services and products.

---

## **4. Products and Services**

### **Overview of Products and Services**
Financial Services Example Company offers a comprehensive range of services:
- **Investment Advisory**: Providing personalized investment strategies, including retirement planning, wealth management, and portfolio diversification.
- **Insurance Services**: Offering life, health, property, and casualty insurance with tailored packages based on individual and business needs.
- **Loans**: Facilitating personal and business loans, including short-term, long-term, and specialized financing solutions.

Our services are designed to meet the diverse needs of our customers, with a focus on flexibility and personalized attention.

### **Product Development**
We are continuously evaluating the market to develop new financial products that address emerging trends and customer demands. Future product developments include AI-driven financial planning tools and blockchain-based investment platforms to provide greater transparency and efficiency in our services.

### **Pricing Strategy**
Our pricing model includes fee-for-service options for investment advisory, commission-based pricing for insurance, and competitive interest rates for loan products. We aim to keep our services affordable and accessible while maintaining a high level of value for our clients.

### **Competitive Advantages**
Our unique value proposition lies in our ability to combine advanced technology with personalized service. Clients benefit from easy-to-use digital platforms for managing their finances while also receiving the expert guidance of seasoned financial professionals.

---

## **5. Marketing and Sales Strategy**

### **Marketing Strategy**
Our marketing strategy focuses on digital channels, including social media, search engine optimization (SEO), and content marketing. We also plan to host financial literacy workshops, webinars, and partner with influencers in the fintech space to enhance our brand visibility. Key performance indicators (KPIs) will include website traffic, lead conversion rates, and customer acquisition costs.

### **Sales Strategy**
Our sales process is consultative, with a focus on understanding the unique financial needs of each client. Our sales team will use a combination of direct outreach, referrals, and online channels to generate leads. Sales representatives are trained to build long-term relationships with clients, positioning Financial Services Example Company as a trusted partner in their financial journey.

### **Customer Retention and Loyalty**
To ensure customer loyalty, we will implement a loyalty program that rewards clients for referring new customers, as well as regular follow-ups to provide ongoing financial advice and product updates.

### **Partnerships and Alliances**
We plan to form strategic alliances with key fintech firms, insurance providers, and business incubators to expand our service offerings and enhance our market reach.

---

## **6. Operations Plan**

### **Operational Workflow**
Day-to-day operations involve customer onboarding, financial planning, investment management, insurance policy issuance, and loan processing. We aim to streamline these processes using digital platforms to ensure quick and efficient service delivery.

### **Technology Infrastructure**
Our operations rely on a robust digital infrastructure that integrates CRM systems, financial planning tools, and secure payment gateways. We employ advanced cybersecurity measures to protect sensitive client data.

### **Team Structure**
Our team is organized into functional departments: Sales and Marketing, Customer Service, Financial Advisory, Technology, and Operations. Each department is led by an experienced manager who reports directly to the CEO.

### **Facilities and Location**
We operate primarily from a central office in New York, with a hybrid remote work model. Our digital platforms enable us to serve clients nationwide, while our headquarters oversees strategic decisions and key operations.

### **",,,,
Healthcare,"# **Business Plan for MediCare Solutions Inc.**

---

### **Executive Summary**

**MediCare Solutions Inc.** is an innovative healthcare company that seeks to revolutionize the way healthcare is delivered to individuals and communities. Founded in 2015, the company has grown from a small operation into a rapidly expanding business with a strong foothold in the healthcare sector. MediCare Solutions offers a unique combination of telemedicine services and physical healthcare clinics, providing patients with high-quality, accessible healthcare options tailored to their needs.  

Our mission is to provide accessible, affordable, and high-quality healthcare solutions that improve the well-being of our community. We aim to lead the way in telemedicine while expanding our physical clinic network to reach more patients and provide comprehensive care. With a funding requirement of $1,000,000, we are seeking capital to drive expansion, upgrade technology, and strengthen our working capital for continued growth.

### **Mission, Vision, and Values**

**Mission**  
MediCare Solutions is dedicated to offering accessible, high-quality healthcare services with a focus on patient comfort and convenience. Through telemedicine and in-person consultations, we empower individuals to take control of their health with flexible, on-demand care options.

**Vision**  
To become the leading provider of telemedicine services in the region while expanding our network of clinics, ensuring that healthcare is affordable, accessible, and personalized for every patient. Our vision includes a future where healthcare is seamlessly integrated into everyday life, transforming the way people manage their health.

**Core Values**  
- **Patient-Centered Care**: We prioritize our patients, offering solutions designed to improve their overall health and well-being.  
- **Innovation**: We leverage the latest technological advances to provide the best possible healthcare outcomes.  
- **Integrity**: Transparency, honesty, and trust are foundational to every interaction we have, whether with patients, partners, or employees.  
- **Collaboration**: We believe in working together—both internally and externally—to enhance healthcare services and achieve better results for all stakeholders.

---

### **Company Description**

**Company History**  
Founded in 2015 by a team of healthcare professionals with over two decades of collective experience, MediCare Solutions began with a clear vision: to bridge the gap between traditional healthcare models and the growing demand for convenience and accessibility. Since then, the company has expanded its reach, introducing its flagship **TeleMed Plus** telemedicine service and opening several state-of-the-art clinics in New York City.

**Legal Structure**  
MediCare Solutions Inc. operates as a corporation, with a focus on scalability and the ability to adapt quickly to market demands.

**Location**  
MediCare Solutions is headquartered in New York City, strategically positioned to serve the urban and suburban population in one of the nation’s most dynamic healthcare markets.

**Core Activities**  
Our primary services include:
- **Telemedicine Services**: Our **TeleMed Plus** platform offers virtual consultations with licensed healthcare providers via secure, video-based interactions.
- **Physical Healthcare Clinics**: Equipped with the latest medical technologies, our clinics provide a wide range of healthcare services from general consultations to specialty care.

**Vision for Growth**  
We are expanding our clinic network, adding new locations to serve an increasing number of patients, and enhancing our telemedicine infrastructure to ensure that quality care is always just a click away.

---

### **Market Analysis**

**Industry Overview**  
The healthcare industry is undergoing a profound transformation, driven by technological innovation and shifting patient expectations. The rise of digital health tools, especially telemedicine, has been accelerated by the COVID-19 pandemic, and the trend shows no signs of slowing down. With an increasing number of patients seeking the convenience of remote healthcare, telemedicine is projected to grow at an annual rate of 19% over the next five years. This shift is being complemented by the continued need for in-person medical services, creating a growing opportunity for hybrid models like the one offered by MediCare Solutions.

**Target Market**  
MediCare Solutions primarily targets urban and suburban residents aged 25-65 who are middle to high-income earners. This demographic is highly tech-savvy and prefers healthcare solutions that combine convenience and affordability. The company’s target market includes approximately 500,000 potential customers within its current region, with a projected annual growth rate of 8% over the next five years. This market segment is particularly inclined to adopt telemedicine services, as it aligns with their lifestyle of busy schedules and digital connectivity.

**Market Trends**  
- **Increased demand for digital health solutions**: Consumers are seeking healthcare services that fit into their lives without the need for long wait times or travel.  
- **Preventive care**: The emphasis on proactive healthcare is growing, with patients seeking more opportunities for early diagnosis and lifestyle management.  
- **Value-based care**: Insurance providers and healthcare organizations are moving towards value-based models that focus on quality outcomes, which align well with MediCare Solutions’ patient-centered approach.

**Competitor Analysis**  
The healthcare market in New York City is competitive, with several key players offering similar services. However, MediCare Solutions differentiates itself through its unique blend of telemedicine and in-person consultations.

- **HealthFirst Clinics**: A major player in the region, HealthFirst Clinics offers a broad range of services, but their reliance on traditional in-person visits and limited telemedicine options create long wait times and reduce convenience.  
- **Wellness Innovations**: This company emphasizes preventive care and patient wellness but is hindered by high consultation fees and limited access to specialists, making it less attractive for patients who require quick and affordable care.

**Competitive Advantage**  
MediCare Solutions’ competitive advantage lies in:
- **Telemedicine Leadership**: With 24/7 access to healthcare through **TeleMed Plus**, we provide unmatched convenience and flexibility.
- **Comprehensive Care Model**: Combining telemedicine and in-person visits enables us to offer a wide range of services to a diverse patient base.
- **Patient-Centered Approach**: We focus on building long-term relationships with patients by prioritizing their health and providing personalized care.

---

### **Products and Services**

**TeleMed Plus**  
Our flagship service, **TeleMed Plus**, offers virtual consultations with healthcare professionals via a secure, HIPAA-compliant video platform. This service allows patients to receive medical advice, prescriptions, and diagnoses from the comfort of their homes.  

- **Pricing**: Sessions start at $50, making it an affordable option for a wide range of patients.  
- **Benefits**: Patients can access care anytime, reducing the need for time-consuming in-person visits and ensuring that healthcare is always within reach.

**In-Person Clinics**  
MediCare Solutions operates a network of modern healthcare clinics located in strategic urban and suburban locations. These clinics are equipped with state-of-the-art medical equipment and staffed by experienced healthcare professionals who offer services ranging from routine check-ups to specialized care.

**Unique Value Proposition**  
MediCare Solutions stands out in the market by offering a dual service model—combining telemedicine with physical healthcare clinics. Our proprietary telemedicine platform provides patients with quick access to care without leaving their homes, while our clinics offer comprehensive in-person services, ensuring continuity of care.

---

### **Marketing and Sales Strategy**

**Positioning**  
MediCare Solutions is positioned as a modern, patient-centric healthcare provider that leverages technology to make healthcare more accessible and convenient. By blending telemedicine with traditional in-person services, we offer a hybrid model that caters to the evolving needs of today’s healthcare consumers.

**Pricing Strategy**  
We adopt a competitive pricing model that ensures affordability while maintaining high standards of care. With telemedicine sessions starting at $50, we offer a cost-effective alternative to traditional healthcare, ensuring that quality care is accessible to a broad demographic.

**Promotion Channels**  
- **Digital Marketing**: Targeted campaigns on platforms like Facebook and Instagram to reach our demographic and raise awareness about our telemedicine services.  
- **Industry Events**: Sponsoring healthcare conferences and participating in networking events to increase visibility and credibility within the industry.  
- **Partnerships**: Collaborating with local gyms, wellness centers, and insurance providers to expand our reach and offer complementary services to their members.

**Sales Process**  
We provide an easy-to-use online platform for patients to book appointments, make secure payments, and receive reminders for follow-up consultations. Our goal is to offer a seamless, hassle-free experience that encourages repeat visits and long-term patient loyalty.

---

### **Operations Plan**

**Business Structure**  
MediCare Solutions operates with a hierarchical organizational structure designed to ensure efficient decision-making and management. Key positions include the Chief Medical Officer (CMO), the Director of Operations, and a team of healthcare professionals, administrative staff, and technical support.

**Facilities**  
The company’s clinics are state-of-the-art facilities that are designed to offer a comfortable and efficient environment for patients. Each clinic is equipped with the latest medical technology and staffed by a team of experienced healthcare professionals to ensure the highest standard of care.

**Key Roles**  
- **Chief Medical Officer (CMO)**: Responsible for overseeing the medical operations and ensuring compliance with healthcare regulations.
- **Director of Operations**: Manages the day-to-day activities of the clinics, ensuring optimal patient flow and efficiency in clinic operations.

**Supply Chain**  
MediCare Solutions partners with reputable pharmaceutical distributors and medical equipment suppliers to maintain a reliable and efficient supply chain. Regular audits and relationships with trusted suppliers ensure that medical supplies are delivered on time and in full.

---

### **Financial Plan**

**Startup Costs**  
- **Clinic Setup**: $500,000 (One-time cost for facility construction, medical equipment, and clinic establishment).  
- **Software Development**: $200,000 (One-time cost for telemedicine platform and IT infrastructure).

**Recurring Costs**  
- **Staff Salaries**: $10,000 per month.  
- **Marketing Expenses**: $5,000 per month.

**Funding Requirements**  
- **Total Funding Needed**",,,,
Education,"# Business Plan for Education Example Company

## 1. Executive Summary

**Company Overview:**  
Education Example Company is a leading provider of transformative educational experiences in the education sector. Our mission is to create value by offering high-quality, accessible learning solutions that empower individuals and organizations for success in a rapidly evolving world.

**Business Objectives:**  
In the short term, Education Example Company aims to double its user base and course offerings within the next two years. Long-term goals include expanding into international markets, enhancing platform capabilities, and becoming a global leader in innovative education solutions.

**Business Model:**  
Education Example Company operates as an online learning platform offering personalized tutoring, corporate training, and professional development workshops. Our key differentiators include cutting-edge educational technology, personalized teaching methods, and tailored learning paths for enhanced outcomes.

**Key Success Factors:**  
The success of Education Example Company is driven by its innovative curriculum, high-quality teaching staff, scalable platform, and commitment to continuous improvement in learning outcomes.

**Financial Summary:**  
Projected financial performance includes revenue growth of 50% annually over the next three years, with a focus on profitability and sustainable growth. Funding requirements for scaling operations and expanding into new markets are estimated at $2 million.

## 2. Business Description

**Company Background:**  
Education Example Company was founded with a vision to revolutionize education through technology and personalized learning experiences. As an LLC based in a tech hub, we have established a strong market presence and partnerships with key industry players.

**Vision and Mission:**  
Our vision is to be a leading provider of accessible, cutting-edge educational solutions that address the skills gap and foster lifelong learning. The company's mission is to empower learners through innovation, accessibility, integrity, and collaboration.

**Business Objectives and Goals:**  
Long-term goals include market expansion, revenue growth, and course diversification. Short-term objectives focus on market share acquisition, platform development, and brand awareness.

**Unique Value Proposition:**  
Education Example Company stands out from competitors by offering a blend of advanced technology, personalized learning paths, and interactive features that enhance engagement and learning outcomes.

## 3. Market Analysis

**Industry Overview:**  
The education industry is experiencing rapid growth, particularly in e-learning and professional training sectors. Key players in the market are focusing on digital education solutions and upskilling programs.

**Target Market:**  
Our ideal customers include individual learners, corporations, and educational institutions seeking high-quality, customized educational solutions. We address market needs by providing scalable, flexible, and data-driven learning experiences.

**Market Size and Growth Potential:**  
The total addressable market for online education is projected to reach $350 billion by 2025, with a significant demand for upskilling and specialized training programs. Education Example Company aims to capture a substantial market share through innovative offerings.

**Competitive Analysis:**  
Key competitors in the education space include established online learning platforms and traditional educational institutions. Our market positioning focuses on customization, scalability, and data-driven learning outcomes.

**SWOT Analysis:**  
- **Strengths:** Innovative technology, personalized learning paths, strong market presence
- **Weaknesses:** Limited international reach, scalability challenges
- **Opportunities:** Growing demand for online education, strategic partnerships
- **Threats:** Competitive market landscape, regulatory changes

## 4. Products and Services

**Overview of Products and Services:**  
Education Example Company offers online courses, personalized tutoring, corporate training, and professional development workshops. Our flagship programs in STEM, business skills, and creative arts are designed to meet diverse learning needs.

**Service Delivery Model:**  
Services are delivered through our Learning Management System (LMS) via subscription-based pricing. We offer a mix of free and premium courses, with additional features for corporate clients and educational institutions.

**Development Roadmap:**  
Future developments include new course offerings, enhanced learning materials, and interactive features to improve user engagement and learning outcomes.

**Competitive Advantage of Products and Services:**  
Our products stand out for their blend of advanced technology, personalized learning paths, and interactive features that enhance engagement and drive better learning outcomes.

## 5. Marketing and Sales Strategy

**Marketing Plan:**  
- **Branding Strategy:** Education Example Company builds its brand around innovation, accessibility, and collaboration.
- **Customer Acquisition:** Digital marketing, content strategies, and partnerships drive customer acquisition.
- **Customer Retention:** Email marketing, alumni programs, and personalized recommendations enhance customer loyalty.
- **Promotions and Incentives:** Discounts, referral programs, and limited-time offers drive conversions.
- **Channels:** Social media, Google ads, SEO, and strategic partnerships are key marketing channels.

**Sales Strategy:**  
The sales process focuses on converting prospects through personalized recommendations, demos, and tailored solutions. Key partnerships and distribution channels drive sales growth, with monthly targets and pipeline conversion rates guiding sales projections.

## 6. Operations Plan

**Daily Operations:**  
Education Example Company's daily operations include course development, marketing initiatives, customer support, and platform maintenance.

**Technology and Platform:**  
Our technology infrastructure includes a robust Learning Management System (LMS), CRM, and website. Scalability and growth considerations focus on handling increased traffic and implementing technological updates.

**Staffing and Human Resources:**  
Roles include instructors, curriculum developers, and administrative staff. Recruitment strategies emphasize hiring plans, training programs, and employee development initiatives.

**Operational Milestones:**  
Key milestones include launching new courses, expanding into new markets, and enhancing platform features to meet evolving customer needs.

**Suppliers and Partners:**  
Third-party services and platforms support content delivery, software integration, and operational efficiency.

## 7. Financial Plan

**Revenue Model:**  
Revenue streams include course fees, subscription fees, and corporate training contracts. Profit and loss forecasts project 50% annual growth over the next three years, with cash flow projections and balance sheet forecasts ensuring financial stability.

**Break-Even Analysis:**  
Education Example Company aims to achieve profitability within the first two years of operation, driven by revenue growth and cost optimization.

**Funding Requirements:**  
Initial funding of $2 million will support technology development, marketing initiatives, and team expansion to scale operations and capture market opportunities.

**Financial Risks:**  
Potential risks include slow market adoption, unexpected operational costs, and funding shortfalls. Mitigation strategies focus on diversifying revenue sources, cost controls, and strategic partnerships.

## 8. Risk Analysis

**Market Risks:**  
Industry changes, economic downturns, and competitor activities pose risks to market stability and growth.

**Operational Risks:**  
Technology failures, staffing challenges, and logistical issues may impact daily operations and customer satisfaction.

**Financial Risks:**  
Cash flow problems, funding shortages, and unforeseen expenses can affect financial performance and long-term sustainability.

**Regulatory Risks:**  
Compliance with educational regulations and laws requires ongoing monitoring and adaptation to ensure legal and ethical operations.

**Mitigation Strategies:**  
Education Example Company mitigates risks through insurance coverage, revenue diversification, and proactive risk management practices.

## 9. Conclusion

**Summary of Key Points:**  
Education Example Company's mission, goals, and unique value proposition position it as a leader in the education sector, with a focus on innovation, accessibility, and collaboration.

**Future Outlook:**  
The company's long-term growth trajectory includes expanding market reach, enhancing product offerings, and solidifying its position as a global provider of transformative educational experiences.

**Call to Action:**  
Stakeholders and investors are invited to explore partnership opportunities, investment options, and collaborations to support Education Example Company's vision and growth objectives.

---

This comprehensive business plan for Education Example Company outlines the company's mission, market positioning, financial projections, and risk management strategies to drive sustainable growth and success in the education industry. With a focus on innovation, accessibility, and collaboration, Education Example Company is poised to revolutionize education and empower learners worldwide.",,,,
Retail,"# **Blossom Retail Co. Business Plan**

---

## 1. **Executive Summary**

Blossom Retail Co. is a dynamic, customer-centric retail business focused on offering a curated selection of high-quality, eco-friendly products. With a mission to provide affordable yet trendy items, the company aims to enhance the shopping experience for environmentally conscious consumers. We combine style and sustainability, catering to a growing demand for responsible consumption in an urban landscape.

Founded on January 1, 20XX, Blossom Retail Co. operates as a Limited Liability Company (LLC) based in New York City, NY. As a new entrant in the retail market, the company has already secured a high-traffic retail location and is in the process of trademarking the ""Blossom Beauty Box"" brand. 

Blossom Retail Co. is seeking $500,000 in funding to fuel its growth over the next three years. This funding will be used to expand our product offerings, develop a nationwide online store, and open two additional physical store locations. Our objectives include incorporating more eco-friendly options into our inventory and enhancing customer service through personalized experiences and innovative marketing strategies.

---

## 2. **Business Description**

Blossom Retail Co. was founded with the vision of reshaping the retail experience by offering consumers access to high-quality, sustainable products that are both stylish and functional. With a growing focus on sustainability, the company caters to young, urban professionals who are not only looking for products that reflect their lifestyle but also those that support a more eco-conscious way of living.

The company operates as a Limited Liability Company (LLC), providing legal protection to its owners while allowing flexibility in day-to-day operations. Located in New York City, one of the most vibrant and diverse retail markets in the world, Blossom Retail Co. is strategically positioned to target young professionals seeking sustainable alternatives in a fast-paced, fashion-driven environment.

Our company is still in its early stages, with key milestones already achieved, including the successful launch of the flagship store and the preliminary groundwork for expanding the product line. The next step is to use the funds to scale operations, diversify the product range, and build a strong online presence.

---

## 3. **Market Analysis**

### Industry Overview

The retail industry has undergone a significant transformation over the past decade, with a strong shift towards e-commerce, sustainability, and personalization. As consumers increasingly seek brands that align with their values, eco-conscious and ethical retail practices are becoming a major trend. The global sustainable retail market is expected to continue its upward trajectory, driven by growing consumer awareness and demand for environmentally responsible products.

As the industry shifts, there is an increasing demand for sustainable, well-curated products that blend seamlessly with everyday life. Blossom Retail Co. capitalizes on this shift, positioning itself as a retailer offering a personalized shopping experience with a commitment to environmental sustainability.

### Target Market

Blossom Retail Co. primarily targets young professionals aged 25-40 who are environmentally conscious, tech-savvy, and live in metropolitan areas. These individuals are typically college-educated, have higher disposable incomes, and prefer purchasing from brands that align with their values, especially those that promote sustainability and quality.

With an estimated 10 million potential customers in major U.S. metropolitan areas such as New York City, Los Angeles, and San Francisco, Blossom Retail Co. is poised to capture a significant portion of this growing market. We anticipate a 5% annual growth in our customer base as more individuals seek out sustainable alternatives to traditional retail offerings.

### Competitive Analysis

Blossom Retail Co. competes with brands like **Nature’s Haven** and **EcoTrends**, which specialize in eco-friendly and sustainable products. Nature's Haven has established a strong presence with a wide range of products, while EcoTrends has built its brand primarily through its online platform, emphasizing eco-conscious living.

What differentiates Blossom Retail Co. is our curated selection of products and our focus on providing a personalized in-store shopping experience. While competitors are strong in their own right, we stand out by offering not only eco-friendly products but also unique lifestyle items like the **Blossom Beauty Box** and **Urban Jungle Planter**, products that encourage consumers to incorporate sustainability into their daily routines in an effortless, stylish way.

By blending the convenience of online shopping with the tactile experience of brick-and-mortar stores, Blossom Retail Co. creates a unique retail experience that appeals to both traditional shoppers and e-commerce enthusiasts.

---

## 4. **Products and Services**

Blossom Retail Co. offers a carefully selected range of eco-friendly products designed to meet the needs of modern consumers who value sustainability without sacrificing style. Our product offerings include:

- **Blossom Beauty Box:** A monthly subscription box containing natural and organic beauty products. Each box is curated to deliver a luxurious, eco-conscious beauty routine, helping customers discover new products that are kind to both the skin and the planet. The **Blossom Beauty Box** is a subscription service that has already generated interest and is awaiting trademark registration.
  
- **Urban Jungle Planter:** A line of self-watering planters specifically designed for urban dwellers with limited space. These planters use innovative technology to ensure that plants thrive with minimal maintenance, making them perfect for busy city residents who want to green their homes but lack the time for intensive plant care.

Both products cater to our eco-conscious, urban customer base and offer a unique value proposition that combines convenience, sustainability, and style. 

In addition to these flagship products, Blossom Retail Co. plans to expand its product range to include more eco-friendly home goods, personal care items, and lifestyle accessories. Our goal is to offer a one-stop shop for environmentally conscious consumers seeking high-quality, functional, and sustainable products.

---

## 5. **Marketing and Sales Strategy**

### Positioning

Blossom Retail Co. aims to position itself as a one-stop destination for environmentally conscious consumers. We offer a curated collection of eco-friendly products that meet the needs of busy urban dwellers. Our brand will be associated with sustainability, quality, and innovation, ensuring that our customers feel confident in their purchase decisions.

### Pricing Strategy

Our pricing strategy is competitive, aiming to provide value without compromising quality. While eco-friendly products tend to have a higher cost of production, we are committed to offering competitive prices that are accessible to our target demographic. Additionally, we plan to introduce premium options for customers seeking more exclusive, high-end products within the eco-friendly market.

### Promotion Channels

Blossom Retail Co. will use a variety of marketing channels to build brand awareness and drive sales, including:

- **Social Media Marketing:** Active engagement on platforms such as Instagram, Pinterest, and TikTok, where we will feature our products in curated content that appeals to environmentally conscious consumers.
  
- **Influencer Collaborations:** Partnering with sustainability-focused influencers to increase brand visibility and create authentic connections with our target audience.
  
- **Pop-Up Events:** Hosting exclusive in-person pop-up events in key cities to generate excitement, connect with customers directly, and introduce new products.
  
- **Loyalty Programs:** Offering a customer loyalty program that rewards repeat purchases and encourages word-of-mouth marketing.

### Sales Process

The sales process at Blossom Retail Co. is centered around a personalized shopping experience. Our well-trained sales staff will engage with customers, offer product demonstrations, and provide in-depth information about the benefits of each item. Additionally, our online platform will feature a seamless checkout process with personalized product recommendations based on customer behavior and preferences.

---

## 6. **Operations Plan**

Blossom Retail Co. operates under a flat organizational structure, promoting collaboration and flexibility among teams. Our leadership team consists of professionals with expertise in retail management, sustainable sourcing, and marketing.

### Facilities

The company's flagship store, located in a high-traffic area in New York City, serves as the primary point of sale. The store is designed with sustainability in mind, featuring eco-friendly materials and energy-efficient systems.

### Key Roles

- **Store Manager:** Responsible for overseeing day-to-day operations, staff management, and customer satisfaction.
- **Marketing Specialist:** Focuses on promoting the brand, managing advertising campaigns, and overseeing social media strategies.
- **Customer Service Team:** Dedicated to providing personalized customer service both in-store and online.

### Supply Chain

We source our products from trusted suppliers committed to sustainable practices. Additionally, we focus on local sourcing wherever possible to reduce our environmental impact. Strong relationships with suppliers and partners will ensure a reliable and efficient supply chain.

---

## 7. **Financial Plan**

### Startup Costs

Initial startup costs are estimated at $500,000, which will be allocated as follows:

- **Store Lease and Renovation:** $150,000
- **Initial Inventory:** $100,000
- **Marketing and Branding:** $50,000
- **Technology Development (Online Store):** $75,000
- **Working Capital:** $125,000

### Revenue Projections

We project steady growth in revenue over the next three years:

- **Year 1:** $500,000
- **Year 2:** $800,000
- **Year 3:** $1.2 million

These projections are based on a combination of in-store sales, subscription services, and the online platform's launch. 

### Funding Requirements

Blossom Retail Co. seeks a total investment of $500,000. This funding will be used for store expansion, online store development, inventory purchasing, marketing campaigns, and general working capital.

---

## 8. **Risk Analysis**

### Risks

- **Economic Downturn:** A potential economic slowdown could reduce consumer spending, especially on non-essential items.
  
- **Supply Chain Disruptions:** Environmental factors or global trade disruptions may impact the timely availability of eco-friendly products.

### Mitigation Strategies

- **Diversification of Product Range:** Offering a wider range of price points will help reduce reliance on premium products during economic downturns.
  
- **Strong Supplier Relationships:** By building strong relationships with multiple suppliers and maintaining local sourcing options, we",,,,
Fashion,"# Business Plan for Fashion Example Company

---

## 1. Executive Summary

### Company Overview
**Company Name:** Fashion Example Company  
**Industry:** Fashion  
**Business Location:** Global presence, with a primary base of operations in New York, USA  

Fashion Example Company is a forward-thinking fashion brand dedicated to offering stylish, high-quality, and sustainable products to modern consumers. Founded with a passion for both aesthetics and responsibility, we aim to revolutionize the fashion industry by seamlessly blending innovation with sustainability.

### Mission Statement  
Our mission is to create value within the fashion sector by offering stylish, innovative, and quality-driven products that resonate with modern consumers. We aim to blend aesthetics with sustainability, forging a brand that stands for both beauty and responsibility. Fashion Example Company is committed to delivering luxury that is conscious of its impact on the world, providing customers with products that not only elevate their wardrobe but also contribute positively to the environment.

### Business Objectives
- **Short-Term Goals:**  
  - Achieve $2 million in annual revenue within the first two years through strategic marketing and sales campaigns.  
  - Expand our e-commerce platform to include international shipping in key markets such as Europe, Asia, and South America.
  - Launch two new collections annually, ensuring seasonal offerings that capture the latest trends while remaining true to our sustainable ethos.

- **Long-Term Goals:**  
  - Establish Fashion Example Company as a leading global brand, with a presence in over 20 countries by year five.
  - Grow our customer base to over 500,000 active buyers globally within five years.
  - Set industry standards for sustainable fashion by transitioning 100% of our product line to fully eco-friendly materials and ethical production practices by year 10.

### Products and Services Summary  
Fashion Example Company offers a wide range of products, including clothing collections, accessories, and seasonal items that combine luxury and sustainability. From elegant apparel to eco-conscious accessories, each product is designed with innovation, craftsmanship, and environmental impact in mind. Our unique value proposition lies in our ability to deliver high-end fashion that is both accessible and responsibly produced.

### Target Market  
Our target market consists of fashion-forward, eco-conscious consumers aged 18-45. These individuals prioritize sustainability alongside style and are typically found in urban centers globally, where fashion trends are rapidly adopted. Our audience includes middle to upper-income consumers, many of whom engage with online platforms and follow influencers and brands that align with their values. 

### Financial Overview  
Fashion Example Company is currently in its growth stage. Our revenue projections for the next 3 years are as follows:  
- Year 1: $1.2 million in sales  
- Year 2: $2.0 million in sales  
- Year 3: $3.5 million in sales  
We are seeking $500,000 in funding to support inventory expansion, marketing, and international growth.

---

## 2. Business Description

### Company History  
Fashion Example Company was founded in 2022 by [Founder’s Name], a seasoned fashion professional with over 10 years of experience in the fashion industry. After identifying the growing demand for sustainable, luxury fashion, the company was born out of a desire to bridge the gap between style, quality, and environmental responsibility. Over the past two years, we have developed a solid brand presence and launched our first collection, which was met with widespread acclaim.

### Business Model  
Fashion Example Company operates under a direct-to-consumer business model, with products sold primarily through our e-commerce platform, as well as select boutique stores and retail partnerships. Our revenue streams include:
- **Online sales:** Our e-commerce platform serves as the main sales channel.
- **Wholesale distribution:** Fashion Example Company works with a select number of boutique retailers to provide our products in physical stores.
- **Collaborations and partnerships:** Strategic partnerships with influencers, celebrities, and other fashion brands help expand our reach and build brand credibility.

### Legal Structure  
Fashion Example Company is incorporated as a Limited Liability Company (LLC) in the state of New York, USA. This structure allows for operational flexibility and protects the personal assets of the company’s founders.

### Vision and Values  
Our vision is to become a globally recognized leader in the fashion industry, setting the standard for quality, style, and sustainability. We aspire to foster inclusivity, creativity, and continuous innovation in everything we do. Our core values are:
- **Innovation:** We strive to push the boundaries of fashion design and technology, ensuring every product is an artistic expression.
- **Sustainability:** We are committed to using eco-friendly materials and ethical production practices.
- **Quality:** Excellence is at the heart of our brand, with a focus on superior craftsmanship.
- **Inclusivity:** We believe that fashion should be accessible and representative of diverse people and cultures.

### Location and Facilities  
The company operates primarily online but has a physical office and design studio located in New York. We also maintain partnerships with manufacturing facilities in Europe and Asia, where our sustainable fashion lines are produced. Our warehouse is strategically located in New Jersey to manage logistics and shipments efficiently.

---

## 3. Market Analysis

### Industry Overview  
The global fashion industry is experiencing a significant shift toward sustainability, with consumers increasingly demanding eco-friendly products. The sustainable fashion market is projected to grow at a compound annual growth rate (CAGR) of 9.1% from 2023 to 2030. This growth presents a strong opportunity for Fashion Example Company, as we position ourselves as a leader in this space by offering high-quality, environmentally responsible fashion.

Key trends influencing the industry include:
- **Sustainability:** More consumers are aware of the environmental and social impacts of fashion, leading them to seek out brands that prioritize eco-friendly production and ethical practices.
- **E-commerce Growth:** Online shopping continues to grow rapidly, with fashion e-commerce expected to reach $1 trillion by 2026.
- **Personalization:** Consumers are increasingly looking for customized and personalized fashion experiences, from unique pieces to tailored shopping recommendations.

### Target Market  
Our ideal customers are:
- **Demographics:**  
  - Age: 18-45  
  - Gender: Predominantly female, but also male  
  - Income: Middle to upper-middle class  
  - Location: Primarily urban centers globally, with key markets in the U.S., Europe, and Asia  
  - Lifestyle: Fashion-forward, eco-conscious, and socially aware consumers.

- **Psychographics:**  
  - Our target audience values sustainability, quality, and luxury. They are well-educated, digitally savvy, and actively engage with brands that align with their values. They are willing to pay a premium for products that contribute positively to the environment.

### Competitive Analysis  
Fashion Example Company faces competition from both established fashion brands and new entrants in the sustainable fashion market. Direct competitors include brands such as Patagonia, Stella McCartney, and Reformation. While these companies have established reputations for eco-conscious fashion, Fashion Example Company differentiates itself with a sharper focus on blending luxury with sustainability, offering timeless, high-end designs that appeal to discerning fashion consumers.

Our competitive advantages include:
- **A unique brand story:** We have built a strong narrative around sustainability from the ground up, which resonates with eco-conscious consumers.
- **Superior quality and design:** Our collections are crafted with an attention to detail, using premium eco-friendly materials.
- **Brand loyalty:** Our commitment to sustainability and inclusivity has fostered a loyal customer base that supports our mission.

### Market Trends and Opportunities  
Key opportunities in the fashion industry include:
- **Growth of eco-conscious consumer base:** As more consumers demand sustainability, there is a growing market for luxury, eco-friendly fashion.
- **Expanding into new markets:** International expansion presents a significant opportunity to reach untapped customers in emerging markets like Asia and South America.

---

## 4. Products and Services

### Product Line  
Fashion Example Company’s product offerings include:
- **Clothing Collections:** Seasonal apparel, including dresses, outerwear, and casual wear, designed with high-quality, sustainable fabrics.
- **Accessories:** Jewelry, bags, and shoes made from eco-friendly materials.
- **Special Edition Items:** Limited-edition pieces that emphasize craftsmanship and innovation.

### Product Lifecycle  
Our products are designed with longevity in mind, using durable, eco-conscious materials that ensure they remain in excellent condition for years. We introduce new collections on a bi-annual basis, coinciding with the fashion seasons, and regularly refresh our accessories lineup to offer something new.

### Pricing Strategy  
Fashion Example Company employs a premium pricing strategy, positioning its products as luxury items. However, our sustainable approach enables us to attract consumers who are willing to invest in long-lasting, ethically produced fashion. Our pricing is competitive with other luxury fashion brands but offers greater value due to our sustainable production processes.

### Supply Chain and Production  
Our supply chain is built around transparency and ethical practices. We work closely with trusted suppliers and manufacturers who share our commitment to sustainability. Our key production facilities are located in Europe and Asia, where we ensure compliance with fair labor practices and environmentally responsible manufacturing processes.

### Research and Development  
Fashion Example Company is committed to continuous innovation. We invest in research and development to explore new sustainable materials, cutting-edge production techniques, and digital fashion innovations. This focus on R&D ensures that our collections remain fresh and on-trend while remaining environmentally responsible.

---

## 5. Marketing and Sales Strategy

### Marketing Strategy  
Our marketing strategy is designed to build brand awareness, engage customers, and drive sales. Key tactics include:
- **Branding:** Our brand positioning focuses on luxury, sustainability, and inclusivity, ensuring that every customer feels aligned with our mission.
- **Digital Marketing:** We leverage social media platforms (Instagram, TikTok, Pinterest) to build an engaged community around our brand. We use influencer marketing, paid ads, and content marketing to drive traffic to our e-commerce platform.
- **Content Marketing:** Through storytelling, behind-the-scenes content, and fashion tutorials, we create content that resonates with our audience and builds brand loyalty.
  
### Sales Strategy  
Our primary sales",,,,
Manufacturing,"### **Business Plan for Manufacturing Example Company**

---

### **1. Executive Summary**

**Overview of the Company**  
Manufacturing Example Company is an innovative leader in the manufacturing sector, specializing in the production of high-precision components and assemblies for industries such as automotive, electronics, and aerospace. With state-of-the-art facilities and a dedication to quality, we offer customized manufacturing solutions that meet the unique needs of each client. The company is poised for growth as it continues to enhance its capabilities and expand its reach to global markets.

**Mission Statement**  
Our mission is to create value in the manufacturing sector by delivering high-quality, precision-engineered components that meet customer specifications and exceed industry standards. We aim to provide the best manufacturing solutions while fostering innovation, sustainability, and operational excellence.

**Vision Statement**  
Our vision is to become a global leader in advanced manufacturing, recognized for driving industry progress through continuous innovation, sustainable practices, and an unwavering commitment to quality. We aspire to set new standards in product development and customer satisfaction.

**Company’s Objectives**  
- Achieve $30 million in annual revenue within five years.
- Expand production capacity by 50% within the next three years to meet increased demand.
- Introduce five new product lines, focusing on sustainability and automation, within the next two years.
- Secure three major strategic partnerships with global automotive or electronics manufacturers by the end of year three.

**Key Success Factors**  
- Highly customized product offerings and flexibility in meeting unique customer demands.
- Speed and efficiency in production cycles, reducing lead times compared to competitors.
- Advanced manufacturing technologies, including automation and AI-driven quality control systems.
- Strong customer relationships, supported by our customer-centric approach and excellent post-production services.

**Financial Highlights**  
- Projected revenue growth of 15% annually over the next five years.
- Profit margins expected to increase by 10% year-on-year, driven by efficiency improvements and expanding market share.
- $2 million in capital required to upgrade machinery and increase production capacity.
- Break-even point anticipated within 18 months of securing additional funding.

---

### **2. Business Description**

**Industry Overview**  
The global manufacturing industry is vast and continually evolving, driven by advancements in automation, AI, and materials science. The demand for precision components is on the rise, particularly in the automotive and electronics industries, where the need for high-quality, reliable parts is paramount. Sustainability is also becoming a critical factor, with companies prioritizing eco-friendly production methods to meet consumer and regulatory expectations.

**Company Background**  
Founded in 2010 by Jane Doe, Manufacturing Example Company started as a small workshop catering to local automotive manufacturers. Over the years, the company has grown into a mid-sized enterprise with a national and international client base. Our consistent commitment to quality and innovation has helped us expand production capabilities, diversify our product lines, and secure long-term contracts with industry leaders.

**Business Model**  
Manufacturing Example Company operates under a B2B model, providing high-precision, custom-manufactured components to clients in the automotive, electronics, and industrial sectors. Our approach is to offer highly flexible production services with a focus on quality, precision, and speed to market. We also offer value-added services such as engineering support, prototyping, and logistics management.

**Core Values**  
- **Quality**: We uphold the highest standards of quality across every aspect of our business.
- **Innovation**: We are constantly pushing the boundaries of manufacturing processes to offer more efficient and sustainable solutions.
- **Sustainability**: We integrate eco-friendly practices in all stages of production, minimizing waste and reducing environmental impact.
- **Customer-Centric**: Our clients’ needs drive our operations, and we aim to build long-lasting partnerships through superior service and performance.

**Legal Structure**  
Manufacturing Example Company is a privately held LLC based in the United States. The company is owned by its founder, Jane Doe, with significant equity held by a group of angel investors who have supported the company’s growth to date.

**Location and Facilities**  
The company operates from a 100,000-square-foot facility located in XYZ industrial park, strategically situated to serve key automotive and electronics clients. The facility is equipped with advanced manufacturing machinery, robotics, and a dedicated R&D lab for product development and innovation.

---

### **3. Market Analysis**

**Target Market**  
Our target market consists of medium to large enterprises in the automotive, electronics, and aerospace industries that require high-precision components. These industries demand durable, high-quality parts for critical applications, often under tight production timelines. We focus on building relationships with procurement managers and supply chain directors who value quality, reliability, and flexibility.

**Market Trends**  
- **Automation and AI Integration**: The rise of automation technologies and artificial intelligence is reshaping manufacturing processes, leading to faster production cycles, better quality control, and lower costs.
- **Sustainability**: Growing environmental consciousness among consumers and regulators is pushing manufacturers to adopt greener production practices, reducing waste and lowering emissions.
- **Customization**: Clients are increasingly demanding tailored solutions to meet specific needs, prompting manufacturers to become more flexible and responsive.

**Market Size and Growth Potential**  
The global manufacturing industry is valued at over $12 trillion, with the automotive and electronics sectors being some of the largest contributors. The precision components market alone is expected to grow at a compound annual growth rate (CAGR) of 8.5% over the next five years, driven by technological advancements and increased demand for high-quality parts.

**Competitive Analysis**  
Our key competitors include ABC Manufacturing, DEF Technologies, and XYZ Corp. While these companies are well-established, we differentiate ourselves through the following:
- **Customization**: Unlike larger manufacturers with rigid product lines, we offer bespoke solutions tailored to each client’s specifications.
- **Speed**: Our production timelines are significantly shorter, allowing clients to meet tight deadlines.
- **Advanced Technologies**: Our state-of-the-art facilities are equipped with the latest automation and quality control systems, ensuring consistency and reliability.

**SWOT Analysis**  
- **Strengths**:  
  - Highly flexible manufacturing capabilities.
  - Strong brand reputation for quality and reliability.
  - Expertise in high-precision, custom manufacturing.
  
- **Weaknesses**:  
  - Limited brand recognition in certain global markets.
  - Dependency on a few key clients for a significant portion of revenue.

- **Opportunities**:  
  - Expanding into new geographic markets.
  - Growing demand for sustainable manufacturing solutions.
  - Potential to partner with larger manufacturers for joint ventures.

- **Threats**:  
  - Intense competition from larger, more established manufacturers.
  - Rising raw material costs could impact profitability.

---

### **4. Products and Services**

**Product/Service Overview**  
Manufacturing Example Company specializes in the production of high-precision components for the automotive, electronics, and aerospace industries. Our key products include:
- Precision automotive parts, including engine components, transmission parts, and electrical assemblies.
- Complex circuit boards and other electronic components for industrial, consumer electronics, and aerospace applications.
- Custom manufacturing solutions for clients with specific needs that require unique designs or functionalities.

**Unique Selling Proposition (USP)**  
We stand apart from competitors by offering highly customized manufacturing services with a focus on quality and speed. Our ability to meet client specifications exactly and deliver products on time is unmatched in the industry. We also prioritize sustainability, using eco-friendly materials and reducing waste wherever possible.

**Product Development**  
New products are developed in close collaboration with our clients, beginning with engineering prototypes and moving to full-scale production. We emphasize continuous improvement, utilizing our in-house R&D department to explore new materials, processes, and technologies to enhance product performance and sustainability.

**Pricing Strategy**  
Our pricing strategy is competitive, based on the complexity of the product and volume requirements. We offer tiered pricing for bulk orders, with discounts based on the size of the order or the length of the contract. We also offer premium pricing for custom-designed products that require additional engineering and prototyping.

**Product Lifecycle**  
Our products are designed to have long life cycles, especially in sectors like automotive and aerospace, where durability is critical. However, we continuously innovate to stay ahead of industry trends and meet evolving customer needs.

**Research and Development**  
We invest heavily in R&D to improve product quality, optimize manufacturing processes, and reduce environmental impact. Our R&D efforts focus on sustainability, automation, and the development of next-generation materials that can withstand the most demanding conditions.

---

### **5. Marketing and Sales Strategy**

**Marketing Plan**  
Our marketing strategy will focus on building brand awareness in key sectors, particularly through digital marketing, industry events, and strategic partnerships. We will leverage search engine optimization (SEO), content marketing, and social media platforms to engage with potential clients and raise awareness of our capabilities.

**Sales Strategy**  
Our sales team will employ a consultative approach, focusing on direct outreach to decision-makers within target industries. We will attend key trade shows and industry conferences to network and generate leads. Additionally, we will develop a robust lead nurturing system to ensure long-term relationships with key clients.

**Pricing Strategy**  
Pricing will remain competitive while reflecting the superior quality and customization of our products. Our strategy includes offering discounts for long-term contracts and bulk orders, as well as premium pricing for specialized, high-tech products.

**Promotional Activities**  
We will launch targeted promotional campaigns offering introductory discounts and incentives for new clients. We will also engage in joint marketing efforts with strategic partners to expand our reach.

**Distribution Strategy**  
Products will be delivered directly to customers via our logistics partners, ensuring fast and reliable delivery. We will manage our supply chain to optimize costs while ensuring that products are delivered on time.

**Customer Relationship Management (CRM)**  
We will implement CRM software to track customer interactions, monitor satisfaction, and manage follow-up activities. Our focus will be on building long-term relationships through excellent customer service and tailored solutions.

---

### **6. Operations Plan**

**Production Process**  
Our production process involves a",,,,
Software_Development,"# Business Plan for Software Development Example Company

## 1. Executive Summary

**Software Development Example Company** is a cutting-edge software development firm dedicated to delivering innovative solutions that drive efficiency and empower businesses across industries. Our mission is to create value in the Software Development sector by providing high-quality, customized software solutions that address critical business needs. Through a focus on innovation, quality, collaboration, and integrity, we aim to become a leading provider of software solutions that simplify and optimize complex business processes.

### Key Objectives
Our short-term goals include expanding our client base and enhancing our product offerings, while our long-term objectives involve establishing ourselves as a go-to provider for custom software solutions in key sectors like fintech, healthcare, and e-commerce.

### Product/Service Offering
We offer a range of services including custom software development, mobile application development, enterprise solutions, and software consulting and support. Our unique value proposition lies in our ability to deliver scalable, secure, and cost-effective solutions that leverage cutting-edge technologies to meet the evolving needs of our clients.

### Market Opportunity
With a focus on businesses of all sizes that require tailored software solutions, we target sectors such as financial services, healthcare, and e-commerce. Our competitive advantage stems from our deep industry knowledge, technological expertise, and customer-centric approach, allowing us to deliver measurable impact and maintain long-term client relationships.

### Financial Highlights
We project steady revenue growth over the next 3-5 years, driven by an expanding client base and enhanced service offerings. Our funding requirements are allocated towards product development, marketing initiatives, and team expansion to support our growth trajectory.

---

## 2. Business Description

**Software Development Example Company** was founded with the vision of becoming a leading provider of software solutions that simplify and optimize complex business processes. Our core values of innovation, quality, collaboration, and integrity guide our operations as we strive to deliver exceptional software products that meet the highest standards of quality. With a focus on custom software development, mobile applications, enterprise solutions, and consulting services, we aim to address the diverse needs of businesses across industries.

### Legal and Regulatory Considerations
We adhere to industry-specific regulations related to software licensing, data protection, and other legal requirements to ensure compliance and build trust with our clients. Our commitment to ethical business practices and transparency underscores our approach to regulatory compliance.

---

## 3. Market Analysis

### Industry Overview
The software development industry is characterized by rapid technological advancements, increasing demand for customized solutions, and evolving market trends. As businesses across sectors embrace digital transformation, the need for innovative software solutions continues to grow, presenting significant opportunities for companies like **Software Development Example Company**.

### Target Market
Our target audience includes businesses of all sizes seeking custom software solutions to enhance their operations and gain a competitive edge. By focusing on sectors such as financial services, healthcare, and e-commerce, we aim to address specific industry needs and deliver tailored solutions that drive value for our clients.

### Competitive Landscape
Key competitors in the market offer similar services, but our competitive advantage lies in our customer-centric approach, technological expertise, and ability to deliver scalable solutions that meet the evolving needs of our clients. By prioritizing long-term relationships and agile development practices, we differentiate ourselves in a crowded market.

### Market Opportunities
Opportunities for growth exist in underserved customer segments, emerging technologies, and evolving market trends. By staying agile and responsive to market changes, we can capitalize on new opportunities and maintain a competitive edge in the software development industry.

---

## 4. Products and Services

### Product/Service Overview
Our core offerings include custom software development, mobile application development, enterprise solutions, and consulting services. Each service is designed to address specific business needs and deliver tangible value to our clients. By leveraging a technology stack that includes cutting-edge tools and platforms, we ensure that our solutions are scalable, secure, and efficient.

### Unique Value Proposition (UVP)
Our unique value proposition lies in our ability to offer customized solutions that combine technical expertise with industry knowledge. By understanding the unique challenges faced by our clients and delivering tailored solutions that drive measurable results, we differentiate ourselves from competitors and build long-term relationships based on trust and value.

### Development Roadmap
Our development roadmap includes plans for continuous innovation, product enhancements, and new service offerings to meet the evolving needs of our clients. By staying ahead of market trends and embracing emerging technologies, we aim to remain at the forefront of the software development industry and deliver cutting-edge solutions that drive business success.

### Intellectual Property
We prioritize the protection of intellectual property through patents, trademarks, and proprietary technologies that provide a competitive edge in the market. By safeguarding our innovations and unique solutions, we ensure that our offerings remain valuable assets that differentiate us from competitors.

---

## 5. Marketing and Sales Strategy

### Marketing Strategy
Our marketing strategy focuses on key channels such as online advertising, content marketing, SEO, and social media to reach our target audience and generate leads. By emphasizing the value of our solutions and showcasing our expertise through thought leadership content, we aim to attract potential clients and build brand awareness in the market.

### Sales Strategy
Our sales approach involves a combination of direct sales, partnerships, and online channels to reach clients and convert leads into customers. By aligning our sales process with customer needs and providing personalized solutions, we aim to drive sales growth and build long-term relationships with clients.

### Pricing Strategy
Our pricing model is based on the value delivered to clients, with competitive pricing that reflects the quality and customization of our solutions. By offering flexible pricing options and transparent cost structures, we aim to demonstrate the ROI of our services and attract clients looking for high-quality software solutions.

### Customer Retention Strategy
Our customer retention strategy focuses on building long-term relationships through exceptional customer support, regular updates, and ongoing communication. By prioritizing client satisfaction and addressing their evolving needs, we aim to retain customers and drive repeat business over time.

### Branding Strategy
Our branding strategy emphasizes our core values of innovation, quality, collaboration, and integrity, positioning us as a trusted partner for businesses seeking customized software solutions. By aligning our brand messaging with our mission and values, we aim to resonate with clients and stakeholders who share our commitment to excellence.

---

## 6. Operations Plan

### Operational Workflow
Our operational workflow includes key processes for software development, project management, and client communication to ensure efficient delivery of projects and high-quality outcomes. By following agile development practices, conducting regular reviews, and prioritizing client feedback, we maintain a streamlined workflow that meets client expectations and project deadlines.

### Facilities and Technology Infrastructure
Our physical office locations, servers, data centers, and development tools form the backbone of our technology infrastructure. By investing in state-of-the-art facilities and tools, we ensure that our team has the resources and support needed to deliver innovative solutions and meet client requirements effectively.

### Staffing and Human Resources
Our team structure includes developers, project managers, marketing staff, and support personnel who collaborate to deliver exceptional software solutions and support services. By fostering a culture of collaboration, continuous learning, and professional development, we ensure that our team remains motivated and equipped to meet the evolving demands of the software development industry.

### Outsourcing and Partnerships
While we handle core operations in-house, we may outsource certain functions such as testing, customer support, or marketing to specialized partners when needed. By leveraging external expertise and resources, we can optimize our operations, scale efficiently, and deliver high-quality solutions to clients in a cost-effective manner.

### Supply Chain and Vendors
Our key suppliers, technology providers, and external partners play a crucial role in supporting our operations and delivering value to clients. By maintaining strong relationships with vendors and partners, we ensure reliable access to resources, tools, and technologies that enhance our capabilities and enable us to meet client needs effectively.

---

## 7. Financial Plan

### Revenue Model
Our revenue sources include software sales, subscriptions, licensing fees, and consultancy services that generate income and support our growth initiatives. By diversifying our revenue streams and aligning them with client needs, we aim to achieve sustainable financial performance and drive long-term profitability.

### Financial Projections
Our financial projections forecast steady revenue growth, increasing profitability, and positive cash flow over the next 3-5 years. Key assumptions behind our projections include client acquisition rates, pricing strategies, and market trends that influence our financial performance and growth trajectory.

### Break-even Analysis
We anticipate reaching profitability within [X] years based on our revenue projections, cost structures, and growth strategies. By closely monitoring our financial performance and adjusting our operations as needed, we aim to achieve financial sustainability and position ourselves for long-term success in the software development industry.

### Funding Requirements
To support our growth plans, we are seeking [Amount] in funding to invest in product development, marketing initiatives, team expansion, and operational enhancements. By allocating funds strategically and transparently, we aim to maximize the impact of our investments and accelerate our growth trajectory in the market.

### Exit Strategy
Our potential exit options include acquisition, IPO, or selling the company based on market conditions, growth opportunities, and strategic considerations. By evaluating exit strategies proactively and aligning them with our long-term goals, we aim to maximize shareholder value and ensure a successful transition when the time is right.

---

## 8. Risk Analysis

### Market Risks
Market risks include changes in industry trends, competitive pressures, and economic conditions that may impact our growth prospects and revenue potential. By staying agile, monitoring market dynamics, and adapting our strategies accordingly, we aim to mitigate market risks and capitalize on emerging opportunities in the software development industry.

### Operational Risks
Operational risks such as resource shortages, project delays, and operational inefficiencies can affect our ability to deliver projects on time and within budget. By implementing robust project management practices, optimizing workflows, and investing in team development, we aim to minimize operational risks and ensure efficient project delivery.

### Financial Risks
Financial risks such as cash flow problems, unexpected costs, and revenue fluctuations can impact our financial stability and growth trajectory. By maintaining financial discipline, monitoring cash flow, and conducting regular financial reviews, we aim to mitigate financial risks and sustain long-term profitability in a competitive market environment.

### Regulatory Risks
Regulatory risks related to data protection, software licensing, and industry-specific regulations can pose compliance challenges and legal uncertainties for our operations. By staying informed about regulatory requirements, seeking legal counsel when needed, and proactively addressing compliance issues, we aim to navigate regulatory risks effectively and build trust with clients and stakeholders.

### Technological Risks
Technological risks such as cybersecurity threats, software bugs, and technology obsolescence can impact the quality and security of our solutions. By investing in cybersecurity measures, conducting regular software testing, and staying abreast of technological advancements, we aim to mitigate technological risks and deliver reliable, secure solutions to our clients.

### Mitigation Strategies
Our mitigation strategies include insurance coverage, diversification of revenue streams, and agile project management practices that enable us to respond quickly to changing market conditions and operational challenges. By proactively identifying and addressing risks, we aim to build resilience, ensure business continuity, and sustain long-term success in the software development industry.

---

## 9. Conclusion

In conclusion, **Software Development Example Company** is poised for significant growth and success in the software development industry. With a focus on innovation, quality, collaboration, and integrity, we are committed to delivering exceptional software solutions that drive value for our clients and empower businesses to achieve their objectives. Our strong leadership team, diverse service offerings, and strategic growth plans position us for long-term success and market leadership in the competitive software development landscape.

As we embark on this exciting journey, we invite investors, partners, and stakeholders to join us in realizing our vision of becoming a leading provider of software solutions that simplify and optimize complex business processes. Together, we can create value, drive innovation, and shape the future of the Software Development sector.

---

This comprehensive business plan for **Software Development Example Company** outlines our mission, core offerings, market positioning, financial projections, and risk mitigation strategies to provide a detailed roadmap for success. By focusing on innovation, quality, collaboration, and integrity, we are confident in our ability to achieve our goals and establish ourselves as a trusted partner for businesses seeking customized software solutions.",,,,
E-commerce,"# Business Plan for E-commerce Example Company

## 1. Executive Summary

**Company Overview**
E-commerce Example Company aims to create value in the E-commerce sector by offering innovative solutions that enhance the online shopping experience. Our mission is to become a leading player in the industry known for quality, customer satisfaction, and technological advancement.

**Business Objectives**
Our short-term goal is to achieve a 20% market share in our target segment within the first year. Long-term goals include expanding internationally and becoming a top choice for online shoppers. Key milestones include launching a mobile app within the first year, achieving profitability by year three, and expanding into new product categories by year five.

**Product/Service Overview**
E-commerce Example Company offers a diverse range of high-quality products across various categories. Our business model is primarily B2C, focusing on providing a seamless and personalized shopping experience for our customers.

**Target Market**
Our primary target customers are tech-savvy individuals who value convenience, quality, and a personalized shopping experience. We aim to attract both experienced online shoppers and newcomers to E-commerce by offering competitive pricing and a user-friendly platform.

**Financial Highlights**
Projected revenue for the first three years is $1 million in year one, $3 million in year two, and $5 million in year three. Profitability is expected to be achieved by year three. We are seeking $500,000 in funding to support marketing efforts, technology enhancements, and inventory expansion.

## 2. Business Description

**Company Background**
E-commerce Example Company was founded by John Smith, a seasoned E-commerce entrepreneur, with the vision of revolutionizing online shopping. Our management team consists of industry experts with backgrounds in technology, marketing, and operations.

**Business Model**
We generate revenue through direct sales on our E-commerce platform, leveraging a competitive pricing model to attract and retain customers. Our focus on customer satisfaction and product quality sets us apart in the market.

**Mission, Vision, and Values**
Our mission is to provide innovative solutions that enhance the online shopping experience. We envision becoming a market leader known for our commitment to quality, customer satisfaction, and technological advancement. Our core values include integrity, customer-centricity, innovation, and sustainability.

**Legal Structure**
E-commerce Example Company is registered as a Limited Liability Company (LLC) with headquarters located in a strategic location for efficient operations and logistics.

**Business Goals**
Key performance indicators include customer acquisition cost, customer lifetime value, and repeat purchase rate. Our growth plans involve scaling operations, expanding the product range, and enhancing customer engagement strategies.

## 3. Market Analysis

**Industry Overview**
The E-commerce industry is experiencing rapid growth, driven by increasing online shopping trends and technological advancements. Compliance with regulations and industry standards is crucial for sustainable growth.

**Market Size and Potential**
The global E-commerce market is projected to reach $4.9 trillion by 2021. Our target market segment represents a significant portion of this market, offering substantial growth opportunities.

**Target Audience**
Our ideal customers are tech-savvy individuals aged 25-45, with above-average income levels, who value convenience and quality in their online shopping experience. Understanding their demographics and psychographics is key to our marketing strategies.

**Competitive Landscape**
We face competition from both direct and indirect competitors in the E-commerce space. Our strengths lie in our focus on quality products, personalized customer service, and technological innovation.

**Market Trends**
E-commerce trends such as mobile shopping, AI-driven personalization, and subscription models are shaping the industry. We aim to leverage these trends to enhance our offerings and stay ahead of the competition.

**SWOT Analysis**
- **Strengths:** Quality products, personalized service, technological innovation.
- **Weaknesses:** Limited brand awareness, scalability challenges.
- **Opportunities:** Growing E-commerce market, technological advancements.
- **Threats:** Intense competition, changing consumer preferences.

## 4. Products and Services

**Product/Service Description**
E-commerce Example Company offers a wide range of high-quality products across categories such as electronics, fashion, and home goods. Our unique selling proposition lies in our focus on product quality, personalized recommendations, and fast shipping.

**Product Lifecycle**
We continuously innovate our product offerings, from ideation to market introduction, to meet evolving customer needs. Future plans include expanding into new product categories and enhancing existing offerings.

**Pricing Strategy**
Our pricing strategy is competitive, based on market demand and competitor analysis. We aim to offer value to customers while ensuring profitability for the business.

**Sourcing and Fulfillment**
We partner with reliable suppliers and manufacturers to source our products. Our efficient logistics and inventory management processes ensure timely delivery to customers.

**Customer Support**
E-commerce Example Company provides post-purchase services, including returns and warranties, to ensure customer satisfaction. Our customer support team is dedicated to addressing inquiries and concerns promptly.

## 5. Marketing and Sales Strategy

**Marketing Plan**
- **Branding:** Positioning E-commerce Example Company as a premium E-commerce destination.
- **Digital Marketing:** Utilizing SEO, PPC, and influencer marketing to drive online traffic.
- **Content Marketing:** Engaging customers through blogs, videos, and social media.
- **Social Media Strategy:** Leveraging platforms for brand awareness and customer engagement.
- **Email Marketing:** Building an email list for targeted campaigns and customer retention.

**Sales Strategy**
- **Sales Channels:** Utilizing our E-commerce platform, mobile app, and third-party marketplaces.
- **Sales Funnel:** Converting prospects into customers through targeted marketing campaigns.
- **Customer Retention:** Implementing loyalty programs and referral incentives to retain customers.

**Promotions & Discounts**
- Offering seasonal promotions, discounts, and partnerships with influencers to drive sales and customer engagement.

**Public Relations and Media Outreach**
- Engaging with media outlets, bloggers, and influencers to increase brand visibility and credibility.

## 6. Operations Plan

**Day-to-Day Operations**
E-commerce Example Company manages daily activities such as order processing, customer service, and inventory management efficiently to ensure seamless operations.

**Technology and Tools**
We utilize a robust E-commerce platform and backend systems for inventory management, customer data, and payment processing to streamline operations.

**Customer Service Operations**
Our customer service team handles inquiries, complaints, and support requests promptly using CRM tools and live chat support.

**Supply Chain and Fulfillment**
Efficient supply chain management and logistics ensure timely delivery of products to customers. We work closely with partners to optimize fulfillment processes.

**Key Partnerships**
Strategic partnerships with suppliers, influencers, and logistics providers enhance our operational efficiency and customer service.

## 7. Financial Plan

**Revenue Model**
E-commerce Example Company generates revenue through direct sales, subscriptions, and recurring orders. Our pricing structure is designed to maximize customer value and profitability.

**Projected Financial Statements**
- **Income Statement:** Revenue projections of $1 million in year one, $3 million in year two, and $5 million in year three.
- **Balance Sheet:** Assets, liabilities, and shareholder equity projections.
- **Cash Flow Statement:** Cash inflow and outflow projections, including investments and loan repayments.

**Break-even Analysis**
We anticipate reaching profitability by year three, with a clear path to sustainable growth.

**Funding Requirements**
E-commerce Example Company is seeking $500,000 in funding to support marketing efforts, technology enhancements, and inventory expansion.

**Financial Risks**
Identified risks include cash flow challenges and supply chain disruptions. Mitigation strategies are in place to address these risks proactively.

## 8. Risk Analysis

**Operational Risks**
Challenges in supply chain management, technology disruptions, and customer service issues pose operational risks that require proactive management.

**Market Risks**
Competition, market saturation, and shifts in consumer behavior are key market risks that E-commerce Example Company must monitor and adapt to effectively.

**Financial Risks**
Potential challenges in achieving revenue targets, managing costs, and securing funding require careful financial planning and risk mitigation strategies.

**Regulatory Risks**
Changes in E-commerce regulations and compliance standards could impact the business operations. E-commerce Example Company stays informed and adapts to regulatory changes promptly.

## 9. Conclusion

In conclusion, E-commerce Example Company is well-positioned to capitalize on the growing E-commerce market by offering innovative solutions, quality products, and exceptional customer service. With a strong focus on operational efficiency, customer satisfaction, and strategic growth initiatives, we are confident in our ability to achieve long-term success and become a market leader in the industry.

---

This comprehensive business plan outlines the strategic vision, operational framework, and financial projections for E-commerce Example Company. By leveraging our unique value proposition, market insights, and growth strategies, we aim to create a sustainable and successful E-commerce venture that delivers value to customers and stakeholders alike.",,,,
Consulting,"# **Business Plan for Consulting Example Company**

---

## **1. Executive Summary**

### **Mission Statement**
Consulting Example Company is dedicated to creating value in the consulting sector by providing innovative, tailored solutions designed to meet the unique needs of each client. We strive to be the trusted partner for businesses seeking strategic guidance, sustainable growth, and measurable results.

### **Company Overview**
Consulting Example Company, operating in the consulting industry, provides a range of professional services, including management consulting, IT consulting, and HR consulting. The company was founded to address the rising demand for high-quality, personalized business solutions. Through our deep expertise, strong client relationships, and commitment to excellence, we have built a reputation as a reliable partner for companies seeking to drive efficiency, reduce costs, and accelerate business growth.

### **Business Objectives**
In the short-term, Consulting Example Company aims to expand its client base, increase revenue by 30%, and enhance service offerings through strategic partnerships. Long-term objectives include regional expansion, introducing new service lines, and ultimately positioning the company as an industry leader in the consulting space.

### **Key Success Factors**
- **Expertise and Experience**: Our team consists of industry veterans with years of experience across multiple sectors.
- **Client-Centric Approach**: We prioritize understanding our clients’ unique needs and deliver customized, high-impact solutions.
- **Innovation**: Our commitment to continuous improvement and staying at the forefront of industry trends ensures we always offer the most relevant services.

### **Financial Overview**
Consulting Example Company has seen steady growth, with projected revenues for the next fiscal year estimated at $1.5 million. The company is seeking a $500,000 investment to fund its expansion into new markets, hire additional talent, and enhance marketing efforts.

### **Ownership and Legal Structure**
Consulting Example Company is a Limited Liability Company (LLC), with ownership shared among the three founding partners. Each partner brings a unique skill set to the company, ensuring a balanced approach to business strategy and operations.

---

## **2. Business Description**

### **Industry Overview**
The global consulting industry has seen significant growth, driven by increasing demand for specialized expertise across various sectors. With businesses increasingly facing complex challenges such as digital transformation, regulatory compliance, and human resource optimization, the consulting market continues to expand. According to recent industry reports, the global consulting market is expected to grow at a CAGR of 5.2% over the next five years. This presents a vast opportunity for Consulting Example Company to capture market share and grow its client base.

### **Company History**
Founded in 2020, Consulting Example Company emerged from a shared vision among the three founding partners to provide high-quality, results-driven consulting services. Initially serving local small to mid-sized businesses, the company quickly expanded its offerings and client base. Over the past three years, Consulting Example Company has successfully completed numerous projects, solidifying its reputation in the industry.

### **Mission and Vision**
Our mission is to empower businesses to achieve sustainable success through customized consulting solutions. We envision becoming the go-to partner for companies seeking strategic guidance, with a reputation for integrity, excellence, and innovation. Our goal is to make a positive impact on every organization we serve, helping them navigate complexities and unlock their full potential.

### **Company’s Core Values**
- **Integrity**: We conduct all our business with the highest ethical standards.
- **Excellence**: We strive for the highest quality in every project we undertake.
- **Client Satisfaction**: Our clients’ needs are at the center of everything we do.
- **Innovation**: We embrace change and continuously evolve our services to meet emerging business challenges.

### **Business Goals and Milestones**
- **Year 1**: Expand client base by 30% and reach $1.5 million in revenue.
- **Year 2**: Launch two new service lines, including digital transformation consulting and sustainability strategy.
- **Year 3**: Enter two new regional markets and achieve $5 million in annual revenue.

---

## **3. Market Analysis**

### **Industry Analysis**
The consulting industry is highly fragmented, with numerous small and large firms offering various services. Despite the competition, there is still room for niche players who can provide specialized expertise and personalized service. Consulting Example Company is well-positioned to take advantage of this opportunity by offering targeted services and leveraging its deep industry knowledge.

Key trends shaping the industry include:
- **Digital Transformation**: As businesses move to adopt new technologies, consulting firms that specialize in IT and digital strategy are in high demand.
- **Sustainability**: Companies are increasingly seeking guidance on how to meet sustainability goals, which presents a growing opportunity for consulting firms.
- **Globalization**: With businesses expanding globally, the need for consultants who understand international markets and can offer strategic guidance across borders is rising.

### **Target Market**
Our target market includes small to mid-sized businesses (SMBs) and large corporations across a wide range of industries. We cater to decision-makers such as CEOs, CFOs, and HR directors who are seeking specialized knowledge to solve complex business challenges.

**Demographics and Psychographics:**
- **SMBs and Corporations**: Typically, these organizations are looking for efficient solutions to optimize operations, reduce costs, and drive growth.
- **Industries**: We primarily target industries such as technology, healthcare, finance, and manufacturing.
- **Pain Points**: These companies often struggle with resource allocation, talent management, and technology integration, which Consulting Example Company can address effectively.

### **Market Needs**
The consulting industry faces several challenges, including an increased demand for services related to digital transformation and the growing need for more cost-effective, agile solutions. By offering a combination of management, IT, and HR consulting services, Consulting Example Company is positioned to fill this gap. Our services cater to clients who require high-level strategic insights as well as hands-on, practical implementation of solutions.

### **Competitive Analysis**
Key competitors in the consulting market include large multinational firms as well as smaller boutique agencies. However, Consulting Example Company differentiates itself with:
- **Personalized Approach**: We focus on developing close partnerships with clients and delivering customized solutions.
- **Deep Industry Knowledge**: Our consultants possess specialized expertise in key industries, giving us a competitive edge in understanding client needs.

Consulting Example Company competes by offering a tailored, results-driven approach that larger firms often lack, allowing us to provide greater value at a competitive price point.

### **Market Trends**
The rise of artificial intelligence (AI), machine learning, and data analytics is reshaping the consulting landscape. Clients are increasingly looking for data-driven insights and technology-driven solutions. Additionally, the growing focus on sustainability and corporate social responsibility (CSR) is pushing companies to seek consulting expertise in these areas. These trends align with Consulting Example Company’s focus on digital transformation and sustainability consulting services.

---

## **4. Products and Services**

### **Overview of Services**
Consulting Example Company provides three core services:
1. **Management Consulting**: Helping businesses optimize operations, improve organizational structures, and develop effective strategies for growth.
2. **IT Consulting**: Guiding businesses through digital transformations, implementing new technologies, and improving IT infrastructure to enhance operational efficiency.
3. **HR Consulting**: Offering expert advice on talent management, organizational development, and employee engagement.

Each service is customized to meet the specific needs of our clients, ensuring that they receive the most relevant and impactful solutions.

### **Value Proposition**
Consulting Example Company delivers substantial value by helping clients increase efficiency, reduce operational costs, and grow their businesses through strategic and operational improvements. Our deep expertise, combined with our client-focused approach, ensures that clients receive solutions that are not only practical but also aligned with their long-term goals.

### **Service Packages**
We offer flexible service packages designed to meet different client needs:
- **Project-Based Consulting**: For companies seeking specific solutions, such as process optimization or IT infrastructure upgrades.
- **Retainer Agreements**: For clients requiring ongoing strategic support and advisory services.
- **Workshops and Training**: To empower clients’ teams with the skills and knowledge needed to implement changes independently.

### **Pricing Strategy**
Our pricing strategy is competitive and flexible, offering clients the ability to choose from hourly rates, project-based fees, or subscription models for long-term engagements. Pricing will be adjusted based on the scope and complexity of the project.

### **Service Development and Innovation**
We continuously innovate to stay ahead of industry trends. Future service developments include expanding our capabilities in AI-driven consulting and providing sustainability-focused strategies. We aim to remain at the forefront of industry shifts and provide our clients with cutting-edge solutions.

---

## **5. Marketing and Sales Strategy**

### **Target Market Segmentation**
Our marketing strategy is designed to reach various market segments:
- **Small to Mid-Sized Businesses (SMBs)**: Focused on cost-effective solutions that drive growth.
- **Large Corporations**: Seeking specialized expertise in complex projects, particularly in digital transformation and HR optimization.
- **Industry Focus**: We will tailor our marketing efforts to specific industries, such as technology and healthcare, leveraging our deep knowledge in these areas.

### **Brand Positioning**
We aim to position Consulting Example Company as a premium consulting provider known for its client-centric approach, expertise, and ability to drive measurable results. Our brand message emphasizes our commitment to delivering personalized, impactful solutions.

### **Marketing Channels**
- **Digital Marketing**: Leveraging SEO, content marketing, and social media to raise brand awareness and attract leads.
- **Networking**: Attending industry events, conferences, and webinars to build relationships with potential clients.
- **Referrals**: Encouraging satisfied clients to refer our services to others through referral programs.

### **Sales Strategy**
Our sales funnel is designed to convert leads into long-term clients:
1. **Lead Generation**: Using targeted online ads, content marketing, and networking to generate leads.
2. **Consultations**: Offering free initial consultations to assess client needs and demonstrate value.
3. **Conversion**: Closing deals through customized proposals and clear pricing structures.

###",,,,
Construction,"**BuildRite Construction Co. Business Plan**

---

### 1. **Executive Summary**

**Mission Statement**  
BuildRite Construction Co. is committed to delivering high-quality, innovative construction solutions that exceed customer expectations while contributing to sustainable development. We strive to build not just structures, but lasting relationships with our clients by providing exceptional value through our expertise in luxury, energy-efficient, and smart home construction.

**Company Overview**  
- **Company Name:** BuildRite Construction Co.  
- **Industry:** Construction  
- **Legal Structure:** LLC (Limited Liability Company)  
- **Location:** New York City, NY  
- **Founding Date:** June 15, 2010  
- **Company History:** BuildRite was founded by a team of experienced builders who recognized a growing gap in the market for construction companies that emphasized customer-centric service and sustainability. Since its inception, BuildRite has grown into a recognized leader in luxury construction, with a reputation for innovation, quality, and sustainability.

**Funding Requirements**  
- **Total Funding Needed:** $5,000,000  
- **Purpose of Funding:** The funds will be used to support expansion efforts, invest in advanced technology, enhance marketing efforts, and provide working capital to sustain growth and operational efficiency.

**Business Objectives**  
1. To become a market leader in sustainable and luxury construction on the East Coast.  
2. To expand our operations to cover the entire East Coast by 2027.  
3. To maintain a customer retention rate of 85% through high-quality construction and exceptional client service.

---

### 2. **Business Description**

**Company History**  
BuildRite Construction Co. was founded in 2010 by a group of seasoned construction professionals who had worked on high-end residential and commercial projects. The team identified an opportunity to offer a more customer-focused approach to construction, specifically targeting the growing demand for sustainable, luxury homes and smart building technologies. In the years since, BuildRite has solidified its reputation for blending innovative technology with environmentally-conscious building practices, delivering unparalleled results in both residential and commercial sectors.

**Business Model**  
BuildRite Construction Co. specializes in constructing SmartBuild Homes—custom, high-end homes equipped with the latest smart home automation systems and energy-efficient designs. The company operates primarily in the luxury market, offering tailored construction services to high-income individuals, businesses, and developers who are focused on sustainability and cutting-edge design. The company's business model is built around a premium pricing strategy, reflecting the bespoke nature of the services offered and the use of advanced building technologies.

**Legal Structure**  
The company operates as a Limited Liability Company (LLC), which provides flexibility in management and protects the founders from personal liability. This structure allows BuildRite to pursue its long-term goals while maintaining a straightforward organizational framework.

**Location**  
BuildRite’s headquarters is located in New York City, New York, strategically positioned to serve a large portion of the East Coast market. Our facilities include state-of-the-art design and project management offices, a robust network of suppliers, and access to the city’s rich talent pool, allowing for both operational efficiency and rapid scalability.

**Vision and Mission**  
- **Vision:** To be the leading provider of luxury, sustainable construction on the East Coast, recognized for innovation, quality, and customer satisfaction.  
- **Mission:** To build sustainable, innovative, and high-quality construction projects that meet the evolving needs of our customers, from energy-efficient smart homes to eco-conscious commercial spaces.

---

### 3. **Market Analysis**

**Industry Overview**  
The U.S. construction industry is evolving, with an increasing focus on sustainability, energy efficiency, and smart technologies. The market is seeing a rise in demand for luxury homes that integrate green construction methods, and homeowners are increasingly seeking homes equipped with smart technologies. The construction industry is expected to grow at a rate of 8% annually over the next five years, driven by the demand for sustainable construction and smart homes, presenting a strong growth opportunity for BuildRite.

**Target Market**  
BuildRite’s target market consists of high-income individuals and businesses looking for premium, sustainable construction services. This includes:
- High-net-worth individuals seeking custom-built, eco-friendly homes with integrated smart technologies.
- Commercial real estate developers focused on luxury, energy-efficient buildings.
- Architects and designers specializing in innovative, sustainable construction.

The East Coast market is valued at over $100 billion, and the demand for energy-efficient homes is expected to rise as both environmental concerns and technological advancements increase. BuildRite’s focus on luxury and sustainability positions it well to capitalize on this growing market segment.

**Competitive Analysis**  
BuildRite faces competition from established players like Elite Builders Inc. and GreenBuild Construction, but its unique focus on both sustainability and luxury construction sets it apart.  
- **Elite Builders Inc.:** Strong brand reputation and experience in luxury construction but lacks a focus on sustainable practices and smart home technology.  
- **GreenBuild Construction:** Known for its emphasis on eco-friendly building techniques, but its smaller scale and focus on mid-range construction limit its market presence compared to BuildRite’s high-end niche.

BuildRite’s competitive advantage lies in its ability to blend luxury with sustainability, offering cutting-edge technologies while maintaining the highest standards of construction quality.

---

### 4. **Products and Services**

**Product/Service Offering**  
BuildRite specializes in the development of SmartBuild Homes, which combine custom architectural design with energy-efficient features and integrated smart home automation. These homes are equipped with the latest technology for controlling lighting, temperature, security, and other systems, offering unparalleled convenience and efficiency.  
Each home is tailored to the specific needs and preferences of the client, ensuring that every project reflects their lifestyle while adhering to eco-friendly building practices.

**Unique Value Proposition**  
BuildRite stands apart from competitors by offering a blend of luxury and sustainability, with an emphasis on smart home technologies that enhance the living experience. Our proprietary construction methods, backed by patents in energy-efficient design and automation systems, ensure that clients receive a truly innovative product. 

**Intellectual Property**  
BuildRite has secured patents for several key construction techniques and smart home designs, which allow us to create homes that are not only energy-efficient but also equipped with integrated technologies that enhance comfort, security, and efficiency.

---

### 5. **Marketing and Sales Strategy**

**Positioning**  
BuildRite will position itself as the premier choice for luxury, sustainable construction on the East Coast. Our brand will be synonymous with innovation, quality, and forward-thinking design, appealing to affluent clients who seek unique, energy-efficient homes that reflect their commitment to sustainability.

**Pricing Strategy**  
BuildRite employs a premium pricing strategy, reflecting the high-quality, customized nature of its services. Our pricing is competitive within the luxury construction sector, but it is based on the added value of sustainability and smart technologies, which are in high demand among our target market.

**Promotion Channels**  
To increase visibility and attract potential clients, BuildRite will focus on the following marketing efforts:
- **Digital Marketing:** Leveraging social media, SEO, and content marketing to target high-net-worth individuals and real estate developers.
- **Partnerships:** Collaborating with architects, real estate brokers, and developers to expand our reach.
- **Industry Events:** Attending trade shows and conferences related to sustainable building practices and smart home technologies to showcase our expertise.

**Sales Process**  
BuildRite’s sales process follows a consultative approach, where we engage with clients to understand their specific needs and preferences. Once we understand the project scope, our team of architects and designers creates a customized plan, and the client is guided through the entire construction process, from design to completion.

---

### 6. **Operations Plan**

**Business Structure**  
BuildRite operates with a hierarchical organizational structure. Key roles include the CEO, who oversees strategic planning and company operations; the Chief Architect, who manages design development and ensures quality; and the Project Manager, who is responsible for ensuring that projects are delivered on time and within budget.

**Facilities**  
The company’s headquarters in New York City houses state-of-the-art design and project management facilities. We maintain close relationships with sustainable material suppliers, ensuring that our projects benefit from high-quality, eco-friendly materials.

**Supply Chain Management**  
BuildRite has established strong partnerships with suppliers of sustainable building materials and subcontractors who align with the company’s focus on quality and sustainability. This ensures efficient project timelines and helps mitigate risks associated with supply chain disruptions.

---

### 7. **Financial Plan**

**Startup Costs**  
- **One-time Costs:**  
  - Purchase of construction equipment: $500,000  
  - Office setup and initial marketing: $100,000

**Recurring Costs (Monthly)**  
- **Salaries and Benefits:** $200,000  
- **Rent and Utilities:** $50,000

**Funding Requirements**  
- **Total Funding Needed:** $5,000,000  
- **Use of Funds:**  
  - Expansion of team and capabilities: $2,000,000  
  - Investment in smart technologies: $1,000,000  
  - Marketing and promotion: $500,000  
  - Working capital: $1,500,000

**Financial Projections**  
- **Year 1:**  
  - Revenue: $3,000,000  
  - Expenses: $2,500,000  
  - Profit: $500,000  
- **Year 2:**  
  - Revenue: $5,000,000  
  - Expenses: $4,000,000  
  - Profit: $1,000,000  
- **Year 3:**  
  - Revenue: $8,000,000  
  - Expenses: $6,000,000  
  - Profit: $2,000,000

---

### 8. **Risk Analysis**

**Risks and Mitigation Strategies**  
- **Economic Downturn:**  
  - Impact:",,,,
Fitness,"# Fitness Example Company Business Plan

## 1. Executive Summary

**1.1 Company Overview**  
Fitness Example Company is a dynamic and innovative fitness business committed to creating value within the fitness sector. Our business model focuses on providing personalized fitness solutions to individuals of all fitness levels. We offer a range of services, including personal training, group fitness classes, digital fitness solutions, and wellness programs.

**1.2 Mission Statement**  
Our mission is to inspire and support individuals in achieving their health and wellness goals by delivering cutting-edge technology, expert coaching, and holistic wellness support. We aim to foster long-term health, vitality, and an empowered lifestyle for our clients.

**1.3 Business Objectives**  
Our short-term goals include expanding our digital platform and increasing customer engagement. Long-term objectives involve establishing a global fitness community and becoming a leading force in the fitness industry.

**1.4 Business Opportunity**  
The fitness sector presents a significant opportunity for growth, with increasing demand for personalized fitness solutions and holistic wellness programs. Our competitive edge lies in our combination of personalized training and advanced digital platforms.

**1.5 Financial Highlights**  
We project steady revenue growth over the next 3-5 years, driven by our diverse range of services and innovative approach. Funding requirements include investments in technology, marketing, and operational expansion.

## 2. Business Description

**2.1 Company Overview**  
Fitness Example Company is headquartered in [Location] and operates as a Limited Liability Company (LLC). Our structure allows for flexibility in ownership and operational decision-making.

**2.2 Vision and Mission**  
Our vision is to be a leading force in the fitness industry, transforming lives through innovation and personalized fitness experiences. Our mission is to create value in the fitness sector by prioritizing health, integrity, innovation, and community.

**2.3 Core Values**  
Health, integrity, innovation, and community are the core values that drive our company culture and operations.

**2.4 Business Model**  
We generate revenue through a combination of membership fees, personal training sessions, and product sales. Our scalable model allows for future growth and expansion into new markets.

**2.5 Legal Structure and Ownership**  
Fitness Example Company is privately owned, with ownership distributed among key stakeholders. Our legal structure as an LLC provides liability protection and operational flexibility.

## 3. Market Analysis

**3.1 Industry Overview**  
The fitness industry is experiencing steady growth, driven by increasing health consciousness and technological advancements. Future projections indicate sustained demand for fitness-related services and products.

**3.2 Target Market**  
Our target market includes young professionals, fitness enthusiasts, seniors, and corporate clients. We cater to diverse demographic groups with personalized fitness solutions tailored to their needs and preferences.

**3.3 Competitive Analysis**  
Key competitors in the fitness sector offer similar services, but our competitive advantage lies in our personalized approach, advanced technology integration, and holistic wellness programs.

**3.4 Market Trends**  
Technological advancements, health and wellness trends, and industry challenges shape the fitness landscape. We stay ahead of trends by integrating new technologies and offering innovative fitness solutions.

**3.5 Customer Needs and Behavior**  
Customers seek personalized fitness programs, convenient access to training, and holistic wellness support. Understanding customer preferences and behavior guides our service offerings and marketing strategies.

## 4. Products and Services

**4.1 Product/Service Overview**  
Our services include personal training, group fitness classes, digital fitness solutions, and wellness programs. Each offering is designed to meet the diverse needs of our target market and provide a comprehensive fitness experience.

**4.2 Unique Selling Proposition (USP)**  
Our USP lies in our personalized training approach, advanced technology integration, and holistic wellness focus. We differentiate ourselves by offering a comprehensive fitness experience that goes beyond traditional gym services.

**4.3 Pricing Strategy**  
We offer competitive pricing models, including membership fees, package deals, and personalized training rates. Our pricing strategy aligns with industry standards while providing value to our customers.

**4.4 Product Lifecycle and Development**  
We continuously innovate our services to meet evolving customer needs. Future plans include expanding our digital platform, introducing new fitness classes, and enhancing wellness programs.

## 5. Marketing and Sales Strategy

**5.1 Marketing Plan**  
Our marketing strategy includes branding, digital marketing, traditional marketing, advertising, and public relations efforts to build brand awareness and attract new customers.

**5.2 Sales Strategy**  
Our sales process involves personalized consultations, lead generation tactics, and retention strategies to drive customer acquisition and loyalty. We focus on building long-term relationships with our clients.

**5.3 Customer Acquisition**  
Targeted promotional campaigns and strategic partnerships help us attract new clients and expand our customer base. Digital tools and data analytics inform our customer acquisition strategies.

**5.4 Sales Forecast**  
Projected sales numbers indicate steady growth over the next 1-3 years, with seasonal fluctuations accounted for in our market demand estimation.

## 6. Operations Plan

**6.1 Business Location and Facilities**  
We operate from [Number] physical locations, including gyms and fitness centers. Our facilities are designed for optimal space utilization and customer comfort, with flexible hours of operation.

**6.2 Technology and Equipment**  
Our technology infrastructure includes fitness tracking systems, mobile apps, and advanced equipment to enhance the fitness experience. Regular maintenance schedules ensure operational efficiency.

**6.3 Operational Workflow**  
Daily operations involve class schedules, trainer-client interactions, and customer service protocols that prioritize customer satisfaction. Staff roles and responsibilities are clearly defined to ensure smooth operations.

**6.4 Supply Chain and Partners**  
We partner with equipment suppliers, vendors, and manufacturers to ensure quality products and timely delivery. Inventory management practices support our supply chain efficiency.

**6.5 Human Resources Plan**  
Our organizational structure includes staffing needs, hiring processes, training programs, and employee retention strategies to support operational excellence and customer service.

## 7. Financial Plan

**7.1 Revenue Model**  
Our revenue streams include membership fees, personal training sessions, and product sales. Revenue projections indicate sustainable growth over the next 3-5 years.

**7.2 Startup Costs and Funding**  
Startup costs include equipment purchases, facility rent, marketing expenses, and operational investments. Funding sources may include loans, investments, and personal savings.

**7.3 Profit and Loss Statement**  
Projected income and expenses demonstrate gross margin, operating profit, and net profit over monthly and annual periods.

**7.4 Cash Flow Statement**  
Cash flow projections outline inflows and outflows, with a break-even analysis to determine financial sustainability.

**7.5 Balance Sheet**  
Assets include equipment, facilities, and intellectual property, while liabilities may include loans and debts. Owner's capital contributes to equity in the business.

**7.6 Financial Assumptions**  
Key assumptions regarding market conditions, customer growth, and sales forecasts inform our financial projections.

**7.7 Funding Requirements**  
Capital requirements for startup and ongoing operations include investments in equipment, marketing, and operational costs to support business growth.

## 8. Risk Analysis

**8.1 SWOT Analysis**  
Strengths include our unique value proposition and competitive edge, while weaknesses may involve operational challenges. Opportunities lie in market trends and new product developments, with threats from competitors and economic risks.

**8.2 Potential Risks**  
Market competition, economic uncertainties, and operational risks pose potential challenges to our business. Risk mitigation strategies include diversifying revenue streams and maintaining customer feedback loops.

**8.3 Risk Mitigation Strategies**  
We manage risks through proactive strategies, such as insurance coverage, customer engagement initiatives, and operational efficiency measures.

**8.4 Contingency Plan**  
Contingency plans outline responses to unforeseen circumstances, such as natural disasters or economic downturns, to ensure business continuity.

## 9. Conclusion

**9.1 Summary of Business Opportunity**  
Fitness Example Company is positioned to capitalize on the growing fitness industry by offering personalized fitness solutions and holistic wellness programs. Our commitment to innovation and customer satisfaction sets us apart in the market.

**9.2 Final Call to Action**  
Investors, partners, and stakeholders are invited to explore opportunities for collaboration and growth with Fitness Example Company. We are poised for success and welcome strategic partnerships to drive our business forward.

**9.3 Closing Remarks**  
As we embark on this journey to transform lives through fitness and wellness, we remain dedicated to our mission of creating value in the fitness sector. With a strong foundation, innovative services, and a passionate team, Fitness Example Company is poised to lead the way in the evolving fitness landscape.

---

This comprehensive business plan for Fitness Example Company outlines our vision, mission, market analysis, products and services, marketing and sales strategies, operations plan, financial projections, risk analysis, and growth opportunities. By focusing on innovation, customer satisfaction, and operational excellence, we are confident in our ability to succeed and make a significant impact in the fitness industry.",,,,
Renewable_Energy,"# Business Plan for Renewable Energy Example Company

---

## **1. Executive Summary**

### **Mission Statement**
Renewable Energy Example Company is committed to creating value in the renewable energy sector by providing innovative and sustainable energy solutions. We aim to lead the transition toward a cleaner, more environmentally friendly energy landscape while ensuring our customers benefit from reliable, cost-effective energy sources.

### **Company Overview**
Renewable Energy Example Company is a rapidly growing player in the renewable energy industry. Established with a vision to provide innovative, sustainable energy solutions, the company focuses on offering a range of renewable energy products, including solar panels, wind turbines, and energy storage systems. With an emphasis on quality, reliability, and affordability, the company serves residential, commercial, and industrial clients seeking to reduce their carbon footprints and energy expenses.

Our long-term goal is to become a leader in the global renewable energy market, facilitating the transition to sustainable energy solutions. By leveraging cutting-edge technology, strong partnerships, and exceptional customer service, Renewable Energy Example Company has already begun to establish itself as a trusted brand in the industry.

### **Business Opportunity**
The demand for renewable energy solutions is increasing globally as individuals, businesses, and governments seek alternatives to fossil fuels to combat climate change and reduce environmental impact. Renewable Energy Example Company was founded to capitalize on this growing demand, offering high-quality, cost-effective energy solutions designed to meet the diverse needs of residential, commercial, and industrial customers.

The renewable energy market is expected to continue its robust growth, driven by advancements in technology, favorable government policies, and increasing consumer awareness. By focusing on innovation and sustainability, Renewable Energy Example Company is well-positioned to lead in this rapidly evolving industry.

### **Products and Services Summary**
Renewable Energy Example Company offers a comprehensive suite of renewable energy solutions, including:
- **Solar Panels**: High-efficiency solar panels that help customers generate their own clean energy.
- **Wind Turbines**: Cost-effective and scalable wind energy solutions for residential and commercial use.
- **Energy Storage Systems**: Advanced battery storage systems that allow customers to store excess energy for later use, improving energy efficiency and reducing reliance on the grid.
These products, coupled with our expert consulting and installation services, allow customers to reduce their carbon footprint, cut energy costs, and achieve energy independence.

### **Financial Highlights**
Renewable Energy Example Company has experienced strong revenue growth since its inception, with an annual increase of 20% year-over-year. Projections for the next three years include an expected 30% increase in revenue as the company expands its product offerings and reaches new markets. Our financial model includes both product sales and recurring service contracts, which ensure a steady cash flow. The company is seeking an investment of $5 million to support further research and development, facility expansion, and marketing efforts.

### **Funding Requirements**
To continue our growth and capitalize on emerging market opportunities, Renewable Energy Example Company is seeking $5 million in funding. These funds will be allocated to:
- **Research and Development (R&D)**: To enhance the performance of our current products and develop new, innovative energy solutions.
- **Production Facilities**: To expand our manufacturing capacity and meet increasing demand.
- **Marketing and Customer Acquisition**: To increase brand visibility, expand our customer base, and grow market share.
- **Working Capital**: To support day-to-day operations, inventory management, and supplier relationships.

---

## **2. Business Description**

### **Company Overview**
Founded in [Year], Renewable Energy Example Company was created with the vision to provide affordable and reliable renewable energy solutions. The company’s headquarters is located in [Location], with additional operations in [Cities/Regions]. Our state-of-the-art facilities are equipped with the latest technology to ensure efficient production and quality control. We currently offer a range of renewable energy products, including solar panels, wind turbines, and energy storage systems, designed to meet the needs of both residential and commercial customers.

### **Legal Structure**
Renewable Energy Example Company operates as a Limited Liability Company (LLC), with an ownership structure that includes key founders and investors. The company is governed by a board of directors, with [Founder's Name] serving as CEO. Our organizational structure ensures flexibility and scalability, with teams dedicated to research and development, sales and marketing, customer service, and operations.

### **Vision and Mission**
Our mission is to make renewable energy solutions accessible to all by offering high-quality, cost-effective products and services that help our customers reduce their carbon footprints and energy costs. Our vision is to become a global leader in the renewable energy sector, driving innovation and sustainable energy practices worldwide.

### **Core Values**
- **Sustainability**: We are committed to providing products and services that help our customers reduce their environmental impact.
- **Innovation**: We prioritize technological advancements to ensure our energy solutions are always at the forefront of the industry.
- **Ethical Business Practices**: We conduct our business with the highest standards of integrity, transparency, and accountability.
- **Customer Centricity**: We place our customers at the heart of everything we do, ensuring they receive exceptional service and value.

### **Company Goals**
- **Short-term**: Increase market penetration by 15% within the next year, focusing on expanding our residential customer base and launching a new product line in energy storage systems.
- **Long-term**: Achieve a 30% market share in the renewable energy sector within the next five years, expand into international markets, and continue to innovate with cutting-edge technologies.

---

## **3. Market Analysis**

### **Industry Overview**
The global renewable energy industry is experiencing rapid growth, driven by the increasing need for clean and sustainable energy sources. Governments worldwide are implementing policies to incentivize the adoption of renewable energy, while consumers and businesses are recognizing the financial and environmental benefits of transitioning to renewable energy solutions. Solar, wind, and energy storage systems are expected to see significant growth, as prices for renewable energy technologies continue to decline and their efficiency improves.

### **Target Market**
Our target market includes:
- **Residential Customers**: Homeowners seeking to reduce energy costs and carbon footprints by adopting solar panels and energy storage systems.
- **Commercial Customers**: Businesses looking for renewable energy solutions to lower operating costs, enhance their sustainability profiles, and meet regulatory requirements.
- **Industrial Customers**: Large-scale energy consumers, including factories and manufacturing plants, that need reliable and cost-effective renewable energy systems to power their operations.

By understanding the pain points and energy needs of these customer segments, Renewable Energy Example Company is able to provide tailored solutions that meet both functional and financial requirements.

### **Competitive Analysis**
The renewable energy market is competitive, with several players offering similar products. However, Renewable Energy Example Company differentiates itself through its cutting-edge technology, exceptional customer service, and commitment to sustainability. While larger companies dominate the market, there are significant opportunities for growth, particularly by focusing on under-served regions and offering customized solutions. Key competitors include [Competitor 1], [Competitor 2], and [Competitor 3]. Our unique value proposition and strong customer relationships set us apart from the competition.

### **Market Trends and Opportunities**
- **Government Incentives**: Many governments offer tax credits, rebates, and grants for renewable energy installations, creating opportunities for increased adoption.
- **Technological Advancements**: Innovations in solar panel efficiency, wind turbine design, and energy storage technologies present opportunities to improve product offerings and reduce costs.
- **Corporate Sustainability**: An increasing number of corporations are committing to sustainability goals, which drives demand for renewable energy solutions.

### **SWOT Analysis**
- **Strengths**: High-quality products, innovative technology, strong customer service, and sustainability focus.
- **Weaknesses**: Relatively small market share compared to larger competitors, high upfront capital requirements for product development.
- **Opportunities**: Growing global demand for renewable energy, government incentives, expansion into new markets.
- **Threats**: Intense competition, technological obsolescence, regulatory changes.

---

## **4. Products and Services**

### **Product/Service Overview**
Renewable Energy Example Company offers a range of renewable energy solutions that cater to various customer needs:
- **Solar Panels**: Our solar panels are designed for maximum efficiency and durability, helping homeowners and businesses reduce their energy bills and dependence on the grid.
- **Wind Turbines**: Our wind turbines provide a reliable and scalable solution for customers who want to harness the power of wind for energy production.
- **Energy Storage Systems**: Our energy storage solutions allow customers to store excess energy for later use, ensuring a consistent energy supply and reducing reliance on external sources.

### **Research and Development (R&D)**
We are committed to continuous innovation and are investing in R&D to enhance the performance of our products. Our R&D efforts focus on improving the efficiency of solar panels, increasing the capacity of wind turbines, and developing new energy storage technologies that are more cost-effective and environmentally friendly.

### **Product Lifecycle**
The lifecycle of our products includes:
1. **Design and Development**: Our R&D team continuously refines product designs to enhance efficiency and reduce costs.
2. **Manufacturing**: We work with trusted suppliers and manufacturers to ensure that all components meet high-quality standards.
3. **Installation and Maintenance**: Our expert installation team ensures a seamless installation process, and our maintenance services help customers keep their systems running at optimal performance.

### **Pricing Strategy**
Our pricing strategy is designed to be competitive while reflecting the quality and reliability of our products. We offer flexible pricing options, including direct sales, leasing, and financing to accommodate various customer budgets. Additionally, we provide maintenance packages and extended warranties to offer long-term value.

### **Value Proposition**
Our value proposition is simple: we provide high-quality, sustainable, and cost-effective energy solutions that help our customers reduce their carbon footprints and energy costs. By delivering tailored energy solutions with exceptional customer support, we empower our customers to embrace renewable energy with confidence.

---

## **5. Marketing and Sales Strategy**

### **Marketing Strategy**
We will position Renewable Energy",,,,
Real_Estate,"# Business Plan for Real Estate Example Company

## 1. Executive Summary

**Mission Statement**  
Real Estate Example Company is committed to creating lasting value in the real estate sector by providing exceptional services and innovative solutions tailored to meet the unique needs of our clients.

**Company Overview**  
Real Estate Example Company specializes in residential and commercial real estate services, including buying, selling, renting, property management, and real estate investment consulting. Our geographical market focus is primarily urban areas with a vision to expand nationally.

**Objectives**  
Our short-term goals include expanding into new markets and increasing sales by 15% in the next year. In the long term, we aim to establish Real Estate Example Company as a market leader with consistent growth.

**Key Success Factors**  
Our unique selling propositions include a strong market presence, customer-centric approach, experienced team, and innovative technology-driven solutions.

**Financial Snapshot**  
Key financial highlights include revenue projections, profitability forecasts, and funding requirements to support our growth initiatives.

## 2. Business Description

**Company Overview**  
Real Estate Example Company is structured as a corporation and was founded with a vision to revolutionize the real estate industry. Our core values of customer-centricity, integrity, innovation, and excellence drive our operations.

**Business Model**  
Our primary business activities encompass residential and commercial real estate services, generating revenue through commission-based sales, service fees, property rental income, and consulting fees.

**Market Positioning**  
We position ourselves as a customer-focused real estate firm with a competitive advantage in personalized service, tech integration, and market expertise.

**Location and Facilities**  
Our office locations cater to urban areas, ensuring deep local expertise and service coverage in high-demand real estate markets.

## 3. Market Analysis

**Industry Overview**  
The real estate industry offers significant growth potential driven by economic and demographic factors such as interest rates, employment levels, and urbanization trends.

**Target Market**  
Our target market segments include first-time homebuyers, luxury property buyers, corporate clients, renters, and investors, with a focus on urban and suburban demographics.

**Market Needs and Trends**  
Emerging trends in sustainability, smart homes, and digital real estate platforms present opportunities for growth and innovation in the market.

**Competitive Analysis**  
We identify major competitors, analyze the competitive landscape, and conduct a SWOT analysis to capitalize on strengths and opportunities while mitigating weaknesses and threats.

**Market Opportunities**  
Emerging opportunities in market gaps, new property developments, and tech integration present avenues for growth and potential partnerships with real estate developers and financial institutions.

## 4. Products and Services

**Product/Service Offerings**  
Real Estate Example Company offers a range of services including residential sales, commercial sales and leasing, property management, and real estate investment consulting.

**Service Features and Benefits**  
Our services are distinguished by personalized solutions, extensive property database, negotiation skills, and cutting-edge technology-driven insights.

**Pricing Strategy**  
We employ competitive commission rates for sales transactions, service fees for property management, and consultation fees for advisory services.

**Product/Service Development**  
Future offerings may include property development, virtual tours, and AI-driven home valuation tools to enhance our service portfolio.

## 5. Marketing and Sales Strategy

**Marketing Plan**  
Our marketing strategy includes targeted messaging, branding, advertising across digital and traditional channels, and strategic partnerships and sponsorships.

**Sales Strategy**  
We outline our sales process, team structure, channels, and customer retention strategies to drive sales growth and enhance customer relationships.

**Marketing Budget**  
Allocation of budget for various marketing initiatives is essential to drive brand awareness and customer acquisition.

## 6. Operations Plan

**Operational Workflow**  
Detailed processes for property listing, client engagement, deal closing, and property management ensure operational efficiency and customer satisfaction.

**Technology and Tools**  
Investments in CRM software, property management systems, and cutting-edge technologies enhance our operational capabilities and service delivery.

**Day-to-Day Operations**  
Efficient office operations, staffing requirements, resource management, and property maintenance procedures are critical for seamless service delivery.

**Supply Chain and Vendors**  
Key partnerships with real estate developers, construction contractors, and legal advisors ensure a robust supply chain and service ecosystem.

**Facilities and Equipment**  
Office space requirements and technology infrastructure support our operational needs and service delivery standards.

## 7. Financial Plan

**Revenue Model**  
Expected revenue sources include property sales, rentals, commissions, management fees, and consulting services to drive revenue growth.

**Cost Structure**  
Fixed and variable costs such as salaries, marketing expenses, office rent, and technology investments are outlined to manage operational expenses effectively.

**Profit and Loss Projection**  
Projected income statements for the first 3–5 years provide insights into revenue generation and profitability targets.

**Cash Flow Projections**  
Expected cash inflows and outflows, along with working capital management strategies, ensure financial stability and growth.

**Balance Sheet**  
Assets, liabilities, and equity projections offer a comprehensive view of the company's financial health and growth trajectory.

**Break-even Analysis**  
Identification of the break-even point helps determine when the company is expected to become profitable.

**Funding Requirements and Strategy**  
Total capital needed for startup/expansion, investment strategy, and potential sources of financing are crucial for supporting growth initiatives.

**Financial Milestones**  
Revenue targets, profitability goals, and return on investment metrics guide financial decision-making and strategic planning.

## 8. Risk Analysis

**Market Risks**  
Fluctuations in the real estate market, economic downturns, and interest rate hikes pose risks that require mitigation strategies.

**Operational Risks**  
Challenges such as employee turnover, legal compliance issues, and property damage necessitate proactive risk management measures.

**Financial Risks**  
Cash flow management, debt repayment, and underperforming assets are financial risks that require careful monitoring and mitigation.

**Regulatory Risks**  
Changes in real estate laws, zoning regulations, and tax policies can impact operations and require compliance measures.

**Mitigation Strategies**  
Diversified investment portfolios, contingency funds, insurance policies, and legal advisory support help mitigate risks and ensure business continuity.

## 9. Conclusion

**Summary of Key Points**  
Real Estate Example Company is well-positioned to capitalize on market opportunities, drive growth, and establish itself as a market leader in the real estate industry.

**Growth Potential**  
Our long-term vision includes expansion, profitability, and market leadership, supported by a strong team, innovative solutions, and customer-centric approach.

**Call to Action**  
We invite stakeholders, investors, partners, and customers to join us on this exciting journey as we strive for excellence and success in the real estate sector.

---

This comprehensive business plan for Real Estate Example Company outlines our strategic initiatives, operational framework, financial projections, and risk management strategies to ensure sustainable growth and success in the dynamic real estate market.",,,,
Food_&_Beverage,"# Business Plan for Food & Beverage Example Company

## 1. Executive Summary

**Introduction:**  
Food & Beverage Example Company is an innovative, forward-thinking business focused on providing high-quality food and beverage products designed to cater to the needs of modern, health-conscious consumers. We are committed to delivering exceptional products that not only satisfy taste buds but also contribute to a healthier lifestyle through clean, wholesome ingredients and sustainable practices.

**Company Name:**  
Food & Beverage Example Company

**Industry:**  
Food & Beverage

**Mission Statement:**  
Our mission is to create value in the Food & Beverage sector by offering high-quality, sustainable products that enrich the lives of our consumers. We are dedicated to providing innovative and convenient solutions that are both delicious and nutritious, transforming the way people experience food and drink.

**Vision Statement:**  
We aim to become a leading provider of premium food and beverage products, recognized for our commitment to innovation, sustainability, and customer satisfaction. Through continuous product development and market expansion, we aspire to become a global leader, known for our dedication to delivering superior quality and environmentally responsible choices.

**Core Values:**  
- **Innovation:** We constantly evolve our product offerings to meet the changing needs of our consumers.
- **Sustainability:** We prioritize environmental responsibility in sourcing, production, and packaging.
- **Quality:** We deliver products that meet the highest standards of taste, health, and safety.
- **Customer-Centricity:** Our focus is always on creating value for the consumer and building lasting relationships.
- **Integrity:** We maintain ethical business practices at every level of our operations.

## 2. Business Description

**Company Overview:**  
Food & Beverage Example Company was founded to address the growing demand for high-quality, nutritious, and convenient food and beverage options. We focus on offering both ready-to-eat meals and premium snacks that meet the needs of today’s busy, health-conscious consumer. Our products emphasize flavor, nutrition, and sustainability, setting us apart in a highly competitive market.

**Legal Structure:**  
The company is registered as a private limited company (LLC), which offers the advantages of limited liability while allowing for flexibility in management and ownership. The LLC structure enables us to attract investment while safeguarding personal assets.

**Founders and Management Team:**  
The company was founded by a team of seasoned professionals, including [Founder’s Name], who serves as CEO and has over 20 years of experience in the food and beverage industry. The leadership team also includes [COO’s Name], responsible for operational efficiency, and [CMO’s Name], who handles the company’s marketing and branding strategies.

**Location and Facilities:**  
The company’s headquarters are located in [City, State], with production facilities in [City, State]. Our facilities are designed to accommodate scalable production and are equipped with state-of-the-art machinery to ensure high-quality output. We operate with a commitment to sustainable practices, utilizing energy-efficient processes and reducing waste throughout our operations.

**Vision and Goals:**  
Our vision is to expand our product offerings, scale operations, and become a global player in the food and beverage industry. Over the next five years, we plan to:
- Increase market share to 25% in our primary markets.
- Expand into international markets.
- Launch at least five new product categories.

## 3. Market Analysis

**Industry Overview:**  
The global food and beverage industry is experiencing significant growth driven by changing consumer preferences for healthier, more sustainable options. As demand for organic, plant-based, and clean-label products rises, companies that prioritize nutrition and sustainability are well-positioned to thrive. With a focus on convenience and quality, our company is positioned to capitalize on these evolving trends.

**Target Market Segmentation:**  
Our primary target market consists of health-conscious individuals, busy professionals, and environmentally aware consumers. This market is looking for products that align with their values of health, sustainability, and convenience. The key segments include:
- **Health-conscious Consumers:** Individuals seeking nutritious options without sacrificing flavor.
- **Busy Professionals:** Consumers who need convenient, ready-to-eat meals and beverages that fit into their active lifestyles.
- **Eco-conscious Consumers:** Individuals who prioritize sustainable sourcing and environmentally friendly packaging.

**Market Trends:**  
- **Health and Wellness:** There is an increasing demand for plant-based, low-calorie, and nutrient-dense foods.
- **Sustainability:** Consumers are more aware of the environmental impact of their food choices and are leaning toward products with minimal ecological footprints.
- **Convenience:** Ready-to-eat meals and beverages that cater to a fast-paced lifestyle are growing in popularity.

**Competitive Analysis:**  
The food and beverage industry is highly competitive, with several key players in the ready-to-eat meals and premium snacks categories. Competitors include:
- **Nestlé and General Mills:** Major players with established brands in the health and wellness space.
- **Smaller Niche Brands:** Emerging companies that focus specifically on organic, vegan, or low-calorie options.
- **Local Artisanal Brands:** Smaller companies offering unique products with a focus on local sourcing and sustainability.

Food & Beverage Example Company differentiates itself by offering a combination of high-quality ingredients, strong sustainability practices, and unique product offerings that cater to specific dietary preferences, such as gluten-free and vegan.

**SWOT Analysis:**  
- **Strengths:** Strong brand recognition, innovative product offerings, commitment to sustainability, and high product quality.
- **Weaknesses:** Limited geographic presence in the initial stages of the business, dependence on key distributors for market penetration.
- **Opportunities:** Expanding into new geographic markets, launching new product categories, and increasing online sales.
- **Threats:** Intense competition from both large corporations and niche players, changing regulatory environments regarding food production and labeling.

## 4. Products and Services

**Product Line Overview:**  
Food & Beverage Example Company offers a range of premium food and beverage products, including:
- **Ready-to-Eat Meals:** Healthy, nutritious meals designed for busy professionals.
- **Premium Snacks:** High-quality, convenient snacks that cater to various dietary needs, including gluten-free, vegan, and low-calorie options.
- **Beverages:** Nutrient-dense drinks that complement our meals, including smoothies, protein shakes, and herbal teas.

**Unique Selling Proposition (USP):**  
Our unique value proposition lies in offering clean-label products that prioritize both taste and nutrition. By using sustainably sourced ingredients and innovative production techniques, we are able to offer products that stand out in terms of quality, flavor, and environmental impact.

**Product Development Process:**  
Our product development process involves continuous market research, consumer feedback, and collaboration with nutrition experts. We conduct rigorous testing to ensure that each product meets our high standards of taste, health, and sustainability before launch.

**Pricing Strategy:**  
Our pricing strategy is competitive within the premium market segment. We offer value through superior ingredients, ethical sourcing, and packaging. We position our products as slightly higher-priced compared to conventional products to reflect the quality and sustainability focus.

**Packaging and Labeling:**  
Our packaging is eco-friendly, made from recyclable and biodegradable materials. We are committed to clear, transparent labeling that highlights our products’ health benefits, sourcing practices, and sustainability credentials.

## 5. Marketing and Sales Strategy

**Marketing Objectives:**  
Our marketing objectives are to:
- Increase brand awareness by 30% over the next 12 months.
- Establish a strong online presence through social media, influencer partnerships, and targeted advertising.
- Build long-term customer loyalty by offering exceptional products and engaging with consumers through sustainability initiatives.

**Branding and Positioning:**  
Food & Beverage Example Company will be positioned as a premium, eco-conscious brand dedicated to delivering exceptional taste and nutritional value. Our brand identity emphasizes innovation, quality, and sustainability.

**Marketing Channels:**  
- **Digital Marketing:** Leveraging social media, content marketing, SEO, and influencer partnerships to reach our target audience.
- **Retail Partnerships:** Collaborating with major grocery chains to expand our reach in both national and international markets.
- **Direct-to-Consumer:** Developing an e-commerce platform to sell directly to customers and offer subscription-based delivery services.

**Sales Strategy:**  
Our sales strategy includes both direct and indirect sales channels. We will work with distributors to expand our retail presence and partner with food service providers to supply our products to restaurants and corporate cafeterias. Additionally, we will develop an online sales platform to cater directly to consumers.

**Customer Acquisition and Retention:**  
We will focus on acquiring customers through targeted advertising, influencer marketing, and promotions. To retain customers, we will offer loyalty programs, regular product updates, and customer engagement through social media channels.

## 6. Operations Plan

**Production Process:**  
Our production process focuses on efficiency and sustainability. We source ingredients from certified organic farms and use energy-efficient machinery to minimize waste. Our facilities are certified for food safety, and we maintain rigorous quality control standards throughout production.

**Supply Chain Management:**  
We partner with trusted suppliers who share our commitment to sustainability. Our supply chain is designed for flexibility, allowing us to quickly adapt to changing demand while maintaining quality and cost-effectiveness.

**Quality Control Measures:**  
We implement strict quality control checks at every stage of production, from ingredient sourcing to packaging. Our products undergo regular testing for taste, nutrition, and safety to ensure consistency and excellence.

**Inventory Management:**  
We utilize a just-in-time inventory system to minimize waste while ensuring we can meet demand. Our inventory management system is integrated with our supply chain software for real-time tracking.

**Distribution Strategy:**  
Our distribution strategy includes partnerships with major grocery chains, online sales through our website, and direct partnerships with food service providers. We also plan to expand our global presence by exploring international markets.

## 7. Financial Plan

**Revenue Projections:**  
We project revenue of $X million in year 1, with a growth rate of 25% per year over the next three years. This is based on projected sales from our retail partners, direct-to-consumer channels, and food service clients.

**Cost Structure:**  
",,,,
